CETE CENTRO ESP DE TERAPIA E ESTIM	CONSULTORIOS - CLINICAS - TERAPIAS	ACUPUNTURA MEDICA	AVENIDA FRANCISCO JOSE DE CAMARGO ANDRADE 358	JARDIM CHAPADAO	13070055	19-32416050;19-33427730;	
CENTRO DE ORTOP E FRATURAS VALINHOS	CONSULTORIOS - CLINICAS - TERAPIAS	ACUPUNTURA MEDICA	AVENIDA AV ONZE DE AGOSTO 2035	VILA EMBARE	13276130	19-38696688;	CRM-SP
CENTRO MEDICO HOMEOPATICO DE CAMPINAS	CONSULTORIOS - CLINICAS - TERAPIAS	ACUPUNTURA MEDICA	RUA CAMARGO PAES 642	JARDIM GUANABARA	13073350	19-32335513;	
GLAUCIO COSTA DE OLIVEIRA	CONSULTORIOS - CLINICAS - TERAPIAS	ACUPUNTURA MEDICA	RUA MARIA MONTEIRO 1016	CAMBUI	13025151	19-37058800;19-32948156;	CRM-SP 75106
THELMA ELAINE BRASILEIRO	CONSULTORIOS - CLINICAS - TERAPIAS	ACUPUNTURA MEDICA	RUA FRANCISCO ALVES 56	BOTAFOGO	13020380	19-33881943;19-25121941;	CRM-SP 104938
AMGS ASSISTENCIA MEDICA	CONSULTORIOS - CLINICAS - TERAPIAS	ALERGIA E IMUNOLOGIA	RUA DOUTOR ANTONIO GALIZIA 155	CAMBUI	13024510	19-32130343;	
CLINICA DE ALERGIA E IMUNOLOGIA DR ROBER	CONSULTORIOS - CLINICAS - TERAPIAS	ALERGIA E IMUNOLOGIA	AVENIDA BRASIL 1601	JARDIM GUANABARA	13070178	19-32411112;19-32422211;19-32411018;	
CLINICA DE SAUDE INTEGRADA CAMPINAS	CONSULTORIOS - CLINICAS - TERAPIAS	ALERGIA E IMUNOLOGIA	AVENIDA BARAO DE ITAPURA 2137	JARDIM GUANABARA	13073300	19-32123255;19-32430411;	
GISELA BARBOSA MOREIRA	CONSULTORIOS - CLINICAS - TERAPIAS	ALERGIA E IMUNOLOGIA	RUA DUQUE DE CAXIAS 780	CENTRO	13015311	19-32343244;19-32360618;	CRM-SP 51254
RUI ALMEIDA COATTI	CONSULTORIOS - CLINICAS - TERAPIAS	ALERGIA E IMUNOLOGIA	RUA DUQUE DE CAXIAS 780	CENTRO	13015311	19-32343244;	CRM-SP 18459
CONEXA SAUDE	CONSULTORIOS - CLINICAS - TERAPIAS	ALERGIA E IMUNOLOGIA PEDIATRICA	RUA ATENDIMENTO EXCLUSIVO ON-LINE	VILA ITAPURA	13023200		CRM-SP 1006122
ASM - HOSPITAL MADRE THEODORA CAMPINAS	CONSULTORIOS - CLINICAS - TERAPIAS	ANGIOLOGIA E CIRURGIA VASCULAR	RUA JOSE GERALDO CEREBINO CHRISTOFARO 175	PARQUE RURAL FAZENDA SANTA CANDIDA	13087567	19-30032704;	CRM-SP 84458
ASM - UNIDADE AVANCADA MADRE THEODORA	CONSULTORIOS - CLINICAS - TERAPIAS	ANGIOLOGIA E CIRURGIA VASCULAR	AVENIDA DOUTOR MORAES SALLES 2371	NOVA CAMPINAS	13092111	19-30032704;	CRM-SP 930040
CASA DE SAUDE	CONSULTORIOS - CLINICAS - TERAPIAS	ANGIOLOGIA E CIRURGIA VASCULAR	PRAÇA DOUTOR TOFFOLI 28	CENTRO	13015240	19-37363400;	CRM-SP 149367
ANGIOSAFE	CONSULTORIOS - CLINICAS - TERAPIAS	ANGIOLOGIA E CIRURGIA VASCULAR	RUA BERNARDINO DE CAMPOS 804	CENTRO	13010151	19-32942864;19-984359850;	CRM-ES 126650
ASM - HOSPITAL MADRE THEODORA CAMPINAS	CONSULTORIOS - CLINICAS - TERAPIAS	CARDIOLOGIA	RUA JOSE GERALDO CEREBINO CHRISTOFARO 175	PARQUE RURAL FAZENDA SANTA CANDIDA	13087567	19-30032704;	CRM-SP 84458
ASM - UNIDADE AVANCADA MADRE THEODORA	CONSULTORIOS - CLINICAS - TERAPIAS	CARDIOLOGIA	AVENIDA DOUTOR MORAES SALLES 2371	NOVA CAMPINAS	13092111	19-30032704;	CRM-SP 930040
CARDIOCAMP DIAGCAMP	CONSULTORIOS - CLINICAS - TERAPIAS	CARDIOLOGIA	AVENIDA ANDRADE NEVES 707	CENTRO	13013161	19-32310909;	
CASA DE SAUDE	CONSULTORIOS - CLINICAS - TERAPIAS	CARDIOLOGIA	PRAÇA DOUTOR TOFFOLI 28	CENTRO	13015240	19-37363400;	CRM-SP 149367
CENTRO DE RITMOLOGIA CARDIO DE CAMPINAS	CONSULTORIOS - CLINICAS - TERAPIAS	CARDIOLOGIA	RUA SEBASTIAO DE SOUZA 205	BOTAFOGO	13013173	19-37398890;	
CLINICA LIBERMAN	CONSULTORIOS - CLINICAS - TERAPIAS	CARDIOLOGIA	AVENIDA ANDRADE NEVES 699	CENTRO	13013161	19-32324811;19-32324811;	
CLINICA MANNINA	CONSULTORIOS - CLINICAS - TERAPIAS	CARDIOLOGIA	RUA AMELIA BUENO 159	TAQUARAL	13076050	19-33052632;19-989219616;19-994294222;	
CLINICA MEDICA CARVALHO & NASSER	CONSULTORIOS - CLINICAS - TERAPIAS	CARDIOLOGIA	RUA LUIZ SPIANDORELLI NETO 30	LOTEAMENTO PAIQUERE	13271570	19-38712540;19-38497634;19-38716457;	
CLINICA MEDICA MEDEIROS	CONSULTORIOS - CLINICAS - TERAPIAS	CARDIOLOGIA	RUA FREI ANTONIO DE PADUA 1263	JARDIM GUANABARA	13073330	19-32435917;19-32038272;19-998246994;	
DIAGNOSTICO CARDIOLOGICO	CONSULTORIOS - CLINICAS - TERAPIAS	CARDIOLOGIA	RUA DUQUE DE CAXIAS 780	CENTRO	13015311	19-37435000;19-981343576;19-21218481;19-32322616;	CRM-SP 54089
MARCELO PRADO FORTUNA GERIN	CONSULTORIOS - CLINICAS - TERAPIAS	CARDIOLOGIA	RUA BARRETO LEME 1865	CAMBUI	13025085	19-32520222;19-32522212;	CRM-SP 136028
CENTRO DE DESOSPITALIZACAO HUMANA - VIVER	CONSULTORIOS - CLINICAS - TERAPIAS	CARDIOLOGIA PEDIATRICA	RUA CAMARGO PAES 776	JARDIM GUANABARA	13073350	19-25116989;19-25126989;	CRM-SP 51466
CARDIOCAMP DIAGCAMP	CONSULTORIOS - CLINICAS - TERAPIAS	CARDIOLOGIA PEDIATRICA	AVENIDA ANDRADE NEVES 707	CENTRO	13013161	19-32310909;	
ASM - HOSPITAL MADRE THEODORA CAMPINAS	CONSULTORIOS - CLINICAS - TERAPIAS	CIRURGIA APARELHO DIGESTIVO	RUA JOSE GERALDO CEREBINO CHRISTOFARO 175	PARQUE RURAL FAZENDA SANTA CANDIDA	13087567	19-30032704;	CRM-SP 84458
ASM - UNIDADE AVANCADA MADRE THEODORA	CONSULTORIOS - CLINICAS - TERAPIAS	CIRURGIA APARELHO DIGESTIVO	AVENIDA DOUTOR MORAES SALLES 2371	NOVA CAMPINAS	13092111	19-30032704;	CRM-SP 930040
CLINICA AUN	CONSULTORIOS - CLINICAS - TERAPIAS	CIRURGIA APARELHO DIGESTIVO	RUA BARAO DE ATIBAIA 80	VILA ITAPURA	13023010	19-32325825;19-32327268;	CRM-SP 94323
CLINICA MANNINA	CONSULTORIOS - CLINICAS - TERAPIAS	CIRURGIA APARELHO DIGESTIVO	RUA AMELIA BUENO 159	TAQUARAL	13076050	19-33052632;19-989219616;19-994294222;	
ASM - HOSPITAL MADRE THEODORA CAMPINAS	CONSULTORIOS - CLINICAS - TERAPIAS	CIRURGIA CARDIACA	RUA JOSE GERALDO CEREBINO CHRISTOFARO 175	PARQUE RURAL FAZENDA SANTA CANDIDA	13087567	19-30032704;	CRM-SP 84458
ASM - UNIDADE AVANCADA MADRE THEODORA	CONSULTORIOS - CLINICAS - TERAPIAS	CIRURGIA CARDIACA	AVENIDA DOUTOR MORAES SALLES 2371	NOVA CAMPINAS	13092111	19-30032704;	CRM-SP 930040
CASA DE SAUDE	CONSULTORIOS - CLINICAS - TERAPIAS	CIRURGIA CARDIACA	PRAÇA DOUTOR TOFFOLI 28	CENTRO	13015240	19-37363400;	CRM-SP 149367
DIAGNOSTICO CARDIOLOGICO	CONSULTORIOS - CLINICAS - TERAPIAS	CIRURGIA CARDIACA	RUA DUQUE DE CAXIAS 780	CENTRO	13015311	19-37435000;19-981343576;19-21218481;19-32322616;	CRM-SP 54089
DIAGNOSTICO CARDIOLOGICO	CONSULTORIOS - CLINICAS - TERAPIAS	CIRURGIA CARDIACA PEDIATRICA	RUA DUQUE DE CAXIAS 780	CENTRO	13015311	19-37435000;19-981343576;19-21218481;19-32322616;	CRM-SP 54089
ASM - HOSPITAL MADRE THEODORA CAMPINAS	CONSULTORIOS - CLINICAS - TERAPIAS	CIRURGIA CRANIO-MAXILO-FACIAL	RUA JOSE GERALDO CEREBINO CHRISTOFARO 175	PARQUE RURAL FAZENDA SANTA CANDIDA	13087567	19-30032704;	CRM-SP 84458
CASA DE SAUDE	CONSULTORIOS - CLINICAS - TERAPIAS	CIRURGIA CRANIO-MAXILO-FACIAL	PRAÇA DOUTOR TOFFOLI 28	CENTRO	13015240	19-37363400;	CRM-SP 149367
ASM - HOSPITAL MADRE THEODORA CAMPINAS	CONSULTORIOS - CLINICAS - TERAPIAS	CIRURGIA DE CABECA E PESCOCO	RUA JOSE GERALDO CEREBINO CHRISTOFARO 175	PARQUE RURAL FAZENDA SANTA CANDIDA	13087567	19-30032704;	CRM-SP 84458
ASM - UNIDADE AVANCADA MADRE THEODORA	CONSULTORIOS - CLINICAS - TERAPIAS	CIRURGIA DE CABECA E PESCOCO	AVENIDA DOUTOR MORAES SALLES 2371	NOVA CAMPINAS	13092111	19-30032704;	CRM-SP 930040
CASA DE SAUDE	CONSULTORIOS - CLINICAS - TERAPIAS	CIRURGIA DE CABECA E PESCOCO	PRAÇA DOUTOR TOFFOLI 28	CENTRO	13015240	19-37363400;	CRM-SP 149367
CLINICA DE OTORRINOLARINGOLOGIA DO INSTITUTO PENIDO BURNIER	CONSULTORIOS - CLINICAS - TERAPIAS	CIRURGIA DE CABECA E PESCOCO	AVENIDA ANDRADE NEVES 611	CENTRO	13013160	19-37391020;	CRM-SP 61691
JOSE HENRIQUE FIGUEIREDO RACHED	CONSULTORIOS - CLINICAS - TERAPIAS	CIRURGIA DE COLUNA	AVENIDA BARAO DE ITAPURA 385	BOTAFOGO	13020430	19-32314110;19-32349498;	CRM-SP 64247
ASM - HOSPITAL MADRE THEODORA CAMPINAS	CONSULTORIOS - CLINICAS - TERAPIAS	CIRURGIA GERAL	RUA JOSE GERALDO CEREBINO CHRISTOFARO 175	PARQUE RURAL FAZENDA SANTA CANDIDA	13087567	19-30032704;	CRM-SP 84458
ASM - UNIDADE AVANCADA MADRE THEODORA	CONSULTORIOS - CLINICAS - TERAPIAS	CIRURGIA GERAL	AVENIDA DOUTOR MORAES SALLES 2371	NOVA CAMPINAS	13092111	19-30032704;	CRM-SP 930040
CASA DE SAUDE	CONSULTORIOS - CLINICAS - TERAPIAS	CIRURGIA GERAL	PRAÇA DOUTOR TOFFOLI 28	CENTRO	13015240	19-37363400;	CRM-SP 149367
CENTER MED	CONSULTORIOS - CLINICAS - TERAPIAS	CIRURGIA GERAL	RUA PADRE ALMEIDA 614	CAMBUI	13025251	19-32547812;	
CLINICA AUN	CONSULTORIOS - CLINICAS - TERAPIAS	CIRURGIA GERAL	RUA BARAO DE ATIBAIA 80	VILA ITAPURA	13023010	19-32325825;19-32327268;	CRM-SP 94323
GRUPO SURGICAL	CONSULTORIOS - CLINICAS - TERAPIAS	CIRURGIA GERAL	AVENIDA BARAO DE ITAPURA 2323	JARDIM GUANABARA	13073300	19-33259132;19-33957411;	
ASM - HOSPITAL MADRE THEODORA CAMPINAS	CONSULTORIOS - CLINICAS - TERAPIAS	CIRURGIA PEDIATRICA	RUA JOSE GERALDO CEREBINO CHRISTOFARO 175	PARQUE RURAL FAZENDA SANTA CANDIDA	13087567	19-30032704;	CRM-SP 84458
ANA PAULA CAMPOS MELRO	CONSULTORIOS - CLINICAS - TERAPIAS	CIRURGIA PEDIATRICA	AVENIDA ANDRADE NEVES 295	CENTRO	13013160	19-35125080;	CRM-SP 82303
CASA DE SAUDE	CONSULTORIOS - CLINICAS - TERAPIAS	CIRURGIA PEDIATRICA	PRAÇA DOUTOR TOFFOLI 28	CENTRO	13015240	19-37363400;	CRM-SP 149367
ASM - HOSPITAL MADRE THEODORA CAMPINAS	CONSULTORIOS - CLINICAS - TERAPIAS	CIRURGIA PLASTICA REPARADORA	RUA JOSE GERALDO CEREBINO CHRISTOFARO 175	PARQUE RURAL FAZENDA SANTA CANDIDA	13087567	19-30032704;	CRM-SP 84458
CASA DE SAUDE	CONSULTORIOS - CLINICAS - TERAPIAS	CIRURGIA PLASTICA REPARADORA	PRAÇA DOUTOR TOFFOLI 28	CENTRO	13015240	19-37363400;	CRM-SP 149367
CLIN FRANCO OFTALM E CIRURGIA PLASTICA	CONSULTORIOS - CLINICAS - TERAPIAS	CIRURGIA PLASTICA REPARADORA	RUA VISCONDESSA DE CAMPINAS 45	NOVA CAMPINAS	13092135	19-30271927;	
CLINICA MEDICA E DERMATOLOGICA AVANCADA	CONSULTORIOS - CLINICAS - TERAPIAS	CIRURGIA PLASTICA REPARADORA	RUA ITALIA 274	JARDIM RIBEIRO	13270180	19-38496221;19-33274838;	
MARCOS MIGUEL DA SILVA	CONSULTORIOS - CLINICAS - TERAPIAS	CIRURGIA PLASTICA REPARADORA	AVENIDA JOAO ERBOLATO 119	JARDIM CHAPADAO	13070070	19-32438315;	CRM-SP 90110
SYMCO MEDICINA	CONSULTORIOS - CLINICAS - TERAPIAS	CIRURGIA PLASTICA REPARADORA	RUA CORONEL QUIRINO 1483	CAMBUI	13025002	19-32556764;19-994715639;	
ASM - INSTITUTO DO RADIUM DE CAMPINAS	CONSULTORIOS - CLINICAS - TERAPIAS	CIRURGIA TORACICA	AVENIDA DOUTOR HEITOR PENTEADO 1780	VILA LIDIA	13075460	19-37534100;	
ASM - UNIDADE AVANCADA MADRE THEODORA	CONSULTORIOS - CLINICAS - TERAPIAS	CIRURGIA TORACICA	AVENIDA DOUTOR MORAES SALLES 2371	NOVA CAMPINAS	13092111	19-30032704;	CRM-SP 930040
CASA DE SAUDE	CONSULTORIOS - CLINICAS - TERAPIAS	CIRURGIA TORACICA	PRAÇA DOUTOR TOFFOLI 28	CENTRO	13015240	19-37363400;	CRM-SP 149367
ASM - UNIDADE AVANCADA MADRE THEODORA	CONSULTORIOS - CLINICAS - TERAPIAS	CLINICA MEDICA	AVENIDA DOUTOR MORAES SALLES 2371	NOVA CAMPINAS	13092111	19-30032704;	CRM-SP 930040
CASA DE SAUDE	CONSULTORIOS - CLINICAS - TERAPIAS	CLINICA MEDICA	PRAÇA DOUTOR TOFFOLI 28	CENTRO	13015240	19-37363400;	CRM-SP 149367
CENTRO MEDICO HOMEOPATICO DE CAMPINAS	CONSULTORIOS - CLINICAS - TERAPIAS	CLINICA MEDICA	RUA CAMARGO PAES 642	JARDIM GUANABARA	13073350	19-32335513;	
CI - SANTA CLARA	CONSULTORIOS - CLINICAS - TERAPIAS	CLINICA MEDICA	AVENIDA FRANCISCO GLICERIO 1867	CENTRO	13012000	19-32341187;	
CLINICA LIBERMAN	CONSULTORIOS - CLINICAS - TERAPIAS	CLINICA MEDICA	AVENIDA ANDRADE NEVES 699	CENTRO	13013161	19-32324811;19-32324811;	
CLINICA MEDICA E DERMATOLOGICA AVANCADA	CONSULTORIOS - CLINICAS - TERAPIAS	CLINICA MEDICA	RUA ITALIA 274	JARDIM RIBEIRO	13270180	19-38496221;19-33274838;	
CLINICA MEDICA MEDEIROS	CONSULTORIOS - CLINICAS - TERAPIAS	CLINICA MEDICA	RUA FREI ANTONIO DE PADUA 1263	JARDIM GUANABARA	13073330	19-32435917;19-32038272;19-998246994;	
CONEXA SAUDE	CONSULTORIOS - CLINICAS - TERAPIAS	CLINICA MEDICA	RUA ATENDIMENTO EXCLUSIVO ON-LINE	VILA ITAPURA	13023200		CRM-SP 1006122
DULCE CORREA MAMPRIM PILOTO	CONSULTORIOS - CLINICAS - TERAPIAS	CLINICA MEDICA	AVENIDA ANDRADE NEVES 699	CENTRO	13013161	19-21218044;	CRM-SP 39120
PERSONAL MED CENTER	CONSULTORIOS - CLINICAS - TERAPIAS	CLINICA MEDICA	RUA DOM NERY 725	VILA ANGELI	13271170	19-39691137;	
SYMCO MEDICINA	CONSULTORIOS - CLINICAS - TERAPIAS	CLINICA MEDICA	RUA CORONEL QUIRINO 1483	CAMBUI	13025002	19-32556764;19-994715639;	
TEMPO MEDICINA DE FAMILIA	CONSULTORIOS - CLINICAS - TERAPIAS	CLINICA MEDICA	RUA ATENDIMENTO EXCLUSIVO ON-LINE	VILA ITAPURA	13023200		CRM-PR 40626
THELMA ELAINE BRASILEIRO	CONSULTORIOS - CLINICAS - TERAPIAS	CLINICA MEDICA	RUA FRANCISCO ALVES 56	BOTAFOGO	13020380	19-33881943;19-25121941;	CRM-SP 104938
ASM - HOSPITAL MADRE THEODORA CAMPINAS	CONSULTORIOS - CLINICAS - TERAPIAS	DERMATOLOGIA	RUA JOSE GERALDO CEREBINO CHRISTOFARO 175	PARQUE RURAL FAZENDA SANTA CANDIDA	13087567	19-30032704;	CRM-SP 84458
ASM - UNIDADE AVANCADA MADRE THEODORA	CONSULTORIOS - CLINICAS - TERAPIAS	DERMATOLOGIA	AVENIDA DOUTOR MORAES SALLES 2371	NOVA CAMPINAS	13092111	19-30032704;	CRM-SP 930040
CASA DE SAUDE	CONSULTORIOS - CLINICAS - TERAPIAS	DERMATOLOGIA	PRAÇA DOUTOR TOFFOLI 28	CENTRO	13015240	19-37363400;	CRM-SP 149367
CLINICA MEDICA E DERMATOLOGICA AVANCADA	CONSULTORIOS - CLINICAS - TERAPIAS	DERMATOLOGIA	RUA ITALIA 274	JARDIM RIBEIRO	13270180	19-38496221;19-33274838;	
DERMAVISUS - CENTRO DE DERMATOLOGIA & OFTAMOLOGIA	CONSULTORIOS - CLINICAS - TERAPIAS	DERMATOLOGIA	AVENIDA DOUTOR MORAES SALES 1136	CENTRO	13010001		
JG FOTOTERAPIA	CONSULTORIOS - CLINICAS - TERAPIAS	DERMATOLOGIA	RUA CAMARGO PAES 662	JARDIM GUANABARA	13073350	19-32121717;19-32120408;	CRM-SP 955795
SYMCO MEDICINA	CONSULTORIOS - CLINICAS - TERAPIAS	DERMATOLOGIA	RUA CORONEL QUIRINO 1483	CAMBUI	13025002	19-32556764;19-994715639;	
CONEXA SAUDE	CONSULTORIOS - CLINICAS - TERAPIAS	DERMATOLOGIA PEDIATRICA	RUA ATENDIMENTO EXCLUSIVO ON-LINE	VILA ITAPURA	13023200		CRM-SP 1006122
CASA DE SAUDE	CONSULTORIOS - CLINICAS - TERAPIAS	ENDOCRINOLOGIA E METABOLOGIA	PRAÇA DOUTOR TOFFOLI 28	CENTRO	13015240	19-37363400;	CRM-SP 149367
CLINICA DA MULHER	CONSULTORIOS - CLINICAS - TERAPIAS	ENDOCRINOLOGIA E METABOLOGIA	AVENIDA DAS AMOREIRAS 425	SAO BERNARDO	13036225	19-32733036;	
CLINICA E LABORATORIO DA VITA	CONSULTORIOS - CLINICAS - TERAPIAS	ENDOCRINOLOGIA E METABOLOGIA	RODOVIA VISCONDE DE PORTO SEGURO 1751	SITIO RECREIO DOS CAFEZAIS	13278327		
MARCELO PEDRO RAMOS	CONSULTORIOS - CLINICAS - TERAPIAS	ENDOCRINOLOGIA E METABOLOGIA	RUA DOUTOR ERALDO AURELIO FRANZESE 57	PAIQUERE	13271608	19-38714212;	CRM-SP 73711
VITOR JOSE FANTINATO PANSANI	CONSULTORIOS - CLINICAS - TERAPIAS	ENDOCRINOLOGIA E METABOLOGIA	RUA VISCONDE DE TAUNAY 305	VILA ITAPURA	13023200	19-32319542;19-32365915;	CRM-SP 32449
CLINICA AUN	CONSULTORIOS - CLINICAS - TERAPIAS	ENDOCRINOLOGIA E METABOLOGIA PEDIATRICA	RUA BARAO DE ATIBAIA 80	VILA ITAPURA	13023010	19-32325825;19-32327268;	CRM-SP 94323
CONEXA SAUDE	CONSULTORIOS - CLINICAS - TERAPIAS	ENDOCRINOLOGIA E METABOLOGIA PEDIATRICA	RUA ATENDIMENTO EXCLUSIVO ON-LINE	VILA ITAPURA	13023200		CRM-SP 1006122
FATIMA CRISTINA DE FREITAS WHITACKER	CONSULTORIOS - CLINICAS - TERAPIAS	ENDOCRINOLOGIA E METABOLOGIA PEDIATRICA	RUA FREI MANOEL DA RESSURREICAO 526	JARDIM GUANABARA	13073221	19-32317742;19-32352025;	
KIKLOS SAUDE CAMPINAS	CONSULTORIOS - CLINICAS - TERAPIAS	FISIOTERAPIA ORTOPEDICA	AVENIDA JOSE BONIFACIO 718	JARDIM FLAMBOYANT	13091140	19-33427910;	CRFA-SP 4436
ANDREA MARY MASSUDA	CONSULTORIOS - CLINICAS - TERAPIAS	FISIOTERAPIA ORTOPEDICA	RUA MANOEL ESTABINO DO NASCIMENTO 95	CASTELO	13271290	19-38714516;19-996471337;	CREFITO-SP 329076F
INSTITUTO PATRICIA LACOMBE REEDUCACAO DE	CONSULTORIOS - CLINICAS - TERAPIAS	FISIOTERAPIA ORTOPEDICA	RUA R DOUTOR ANTONIO GALIZIA 25	CAMBUI	13024510	19-37514000;	CREFITO-SP 3428
MARY CLINICA	CONSULTORIOS - CLINICAS - TERAPIAS	FISIOTERAPIA ORTOPEDICA	RUA MANOEL ESTABINO DO NASCIMENTO 95	CASTELO	13271290	19-38714516;19-996471337;	CREFITO-SP 3 - 10925
MARY CLINICA	CONSULTORIOS - CLINICAS - TERAPIAS	FISIOTERAPIA PELVICA	RUA MANOEL ESTABINO DO NASCIMENTO 95	CASTELO	13271290	19-38714516;19-996471337;	CREFITO-SP 3 - 10925
KIKLOS SAUDE CAMPINAS	CONSULTORIOS - CLINICAS - TERAPIAS	FISIOTERAPIA RESPIRATORIA	AVENIDA JOSE BONIFACIO 718	JARDIM FLAMBOYANT	13091140	19-33427910;	CRFA-SP 4436
ANDREA MARY MASSUDA	CONSULTORIOS - CLINICAS - TERAPIAS	FISIOTERAPIA RESPIRATORIA	RUA MANOEL ESTABINO DO NASCIMENTO 95	CASTELO	13271290	19-38714516;19-996471337;	CREFITO-SP 329076F
CETE CENTRO ESP DE TERAPIA E ESTIM	CONSULTORIOS - CLINICAS - TERAPIAS	FONOAUDIOLOGIA	AVENIDA FRANCISCO JOSE DE CAMARGO ANDRADE 358	JARDIM CHAPADAO	13070055	19-32416050;19-33427730;	
KIKLOS SAUDE CAMPINAS	CONSULTORIOS - CLINICAS - TERAPIAS	FONOAUDIOLOGIA	AVENIDA JOSE BONIFACIO 718	JARDIM FLAMBOYANT	13091140	19-33427910;	CRFA-SP 4436
O MUNDO EM LINGUAGEM CLINICA MULTIDISCIPLINAR LTDA	CONSULTORIOS - CLINICAS - TERAPIAS	FONOAUDIOLOGIA	AVENIDA DOUTOR HEITOR PENTEADO 1785	PARQUE TAQUARAL	13087000	19-32396345;	CRFA-SP 12440
VERA APARECIDA CAMILLI PASTRELLO	CONSULTORIOS - CLINICAS - TERAPIAS	FONOAUDIOLOGIA	RUA TIRADENTES 446	VILA ITAPURA	13023190		CRF-SP 1972
ASM - HOSPITAL MADRE THEODORA CAMPINAS	CONSULTORIOS - CLINICAS - TERAPIAS	GASTROENTEROLOGIA	RUA JOSE GERALDO CEREBINO CHRISTOFARO 175	PARQUE RURAL FAZENDA SANTA CANDIDA	13087567	19-30032704;	CRM-SP 84458
ASM - UNIDADE AVANCADA MADRE THEODORA	CONSULTORIOS - CLINICAS - TERAPIAS	GASTROENTEROLOGIA	AVENIDA DOUTOR MORAES SALLES 2371	NOVA CAMPINAS	13092111	19-30032704;	CRM-SP 930040
CLINICA AUN	CONSULTORIOS - CLINICAS - TERAPIAS	GASTROENTEROLOGIA	RUA BARAO DE ATIBAIA 80	VILA ITAPURA	13023010	19-32325825;19-32327268;	CRM-SP 94323
CLINICA DE GASTROENTEROLOGIA E PROCTOLOGIA DE CAMPINAS	CONSULTORIOS - CLINICAS - TERAPIAS	GASTROENTEROLOGIA	RUA JOSE PAULINO 2223	VILA ITAPURA	13023102	19-32332844;19-32540952;	
CLINICA MANNINA	CONSULTORIOS - CLINICAS - TERAPIAS	GASTROENTEROLOGIA	RUA AMELIA BUENO 159	TAQUARAL	13076050	19-33052632;19-989219616;19-994294222;	
CLINICA MEDICA MEDEIROS	CONSULTORIOS - CLINICAS - TERAPIAS	GASTROENTEROLOGIA	RUA FREI ANTONIO DE PADUA 1263	JARDIM GUANABARA	13073330	19-32435917;19-32038272;19-998246994;	
CLINICA MEDICA SAUDE E VIDA	CONSULTORIOS - CLINICAS - TERAPIAS	GASTROENTEROLOGIA	AVENIDA WASHINGTON LUIS 2480	VILA MARIETA	13042105	19-38492132;19-971269380;	
HEP CENTRO SERVICOS MEDICOS	CONSULTORIOS - CLINICAS - TERAPIAS	GASTROENTEROLOGIA	AVENIDA ANDRADE NEVES 2412	JARDIM CHAPADAO	13070001	19-32121513;	CRM
SYMCO MEDICINA	CONSULTORIOS - CLINICAS - TERAPIAS	GASTROENTEROLOGIA	RUA CORONEL QUIRINO 1483	CAMBUI	13025002	19-32556764;19-994715639;	
GISELLE BRAGA JARA	CONSULTORIOS - CLINICAS - TERAPIAS	GASTROENTEROLOGIA PEDIATRICA	RUA IBRAIN NOBRE 526	VILA CARLITO	13043070	19-32766444;19-32769685;	CRM-SP 119967
CENTRO DE DESOSPITALIZACAO HUMANA - VIVER	CONSULTORIOS - CLINICAS - TERAPIAS	GENETICA MEDICA	RUA CAMARGO PAES 776	JARDIM GUANABARA	13073350	19-25116989;19-25126989;	CRM-SP 51466
CAMILA REBELO NICOLAU	CONSULTORIOS - CLINICAS - TERAPIAS	GENETICA MEDICA	RUA LUIZ SPIANDORELLI NETO 60	LOTEAMENTO PAIQUERE	13271570	19-32992112;	CRM-SP 122809
CASA DE SAUDE	CONSULTORIOS - CLINICAS - TERAPIAS	GERIATRIA	PRAÇA DOUTOR TOFFOLI 28	CENTRO	13015240	19-37363400;	CRM-SP 149367
CLINICA LIBERMAN	CONSULTORIOS - CLINICAS - TERAPIAS	GERIATRIA	AVENIDA ANDRADE NEVES 699	CENTRO	13013161	19-32324811;19-32324811;	
CLINICA MEDICA MEDEIROS	CONSULTORIOS - CLINICAS - TERAPIAS	GERIATRIA	RUA FREI ANTONIO DE PADUA 1263	JARDIM GUANABARA	13073330	19-32435917;19-32038272;19-998246994;	
ASM - HOSPITAL MADRE THEODORA CAMPINAS	CONSULTORIOS - CLINICAS - TERAPIAS	GINECOLOGIA	RUA JOSE GERALDO CEREBINO CHRISTOFARO 175	PARQUE RURAL FAZENDA SANTA CANDIDA	13087567	19-30032704;	CRM-SP 84458
ASM - UNIDADE AVANCADA MADRE THEODORA	CONSULTORIOS - CLINICAS - TERAPIAS	GINECOLOGIA	AVENIDA DOUTOR MORAES SALLES 2371	NOVA CAMPINAS	13092111	19-30032704;	CRM-SP 930040
ALBA CRISTINA SALVI	CONSULTORIOS - CLINICAS - TERAPIAS	GINECOLOGIA	AVENIDA ANCHIETA 623	CENTRO	13015101	19-32316517;19-32341940;19-994708940;	CRM-SP 72310
BB INOCHI CONSULTORIO MEDICO LTDA	CONSULTORIOS - CLINICAS - TERAPIAS	GINECOLOGIA	RUA MARLENE PIATO CONTE 888	PARQUE RESIDENCIAL COLINA DO SOL	13270540	19-38494302;	CRM-RJ 5200859150
CASA DE SAUDE	CONSULTORIOS - CLINICAS - TERAPIAS	GINECOLOGIA	PRAÇA DOUTOR TOFFOLI 28	CENTRO	13015240	19-37363400;	CRM-SP 149367
CENTER MED	CONSULTORIOS - CLINICAS - TERAPIAS	GINECOLOGIA	RUA PADRE ALMEIDA 614	CAMBUI	13025251	19-32547812;	
CENTRO INFANTIL DE INVEST HEMAT DR D A BOLDRINI	CONSULTORIOS - CLINICAS - TERAPIAS	GINECOLOGIA	RUA DR GABRIEL PORTO 1270	CIDADE UNIVERSITARIA	13083210	19-37875000;	
CI - SANTA CLARA	CONSULTORIOS - CLINICAS - TERAPIAS	GINECOLOGIA	AVENIDA FRANCISCO GLICERIO 1867	CENTRO	13012000	19-32341187;	
CL MED VALBERT DE CASTRO SS LTDA	CONSULTORIOS - CLINICAS - TERAPIAS	GINECOLOGIA	AVENIDA FRANCISCO GLICERIO 2331	VILA ITAPURA	13023101	19-32335601;	CRM-SP 961484
CLINICA DA MULHER	CONSULTORIOS - CLINICAS - TERAPIAS	GINECOLOGIA	AVENIDA DAS AMOREIRAS 425	SAO BERNARDO	13036225	19-32733036;	
CLINICA MEDICA MANENTE LIMITADA	CONSULTORIOS - CLINICAS - TERAPIAS	GINECOLOGIA	AVENIDA JOSE BONIFACIO 2296	JARDIM DAS PAINEIRAS	13092305	19-32556711;	
CONEXA SAUDE	CONSULTORIOS - CLINICAS - TERAPIAS	GINECOLOGIA	RUA ATENDIMENTO EXCLUSIVO ON-LINE	VILA ITAPURA	13023200		CRM-SP 1006122
DRA MIRIAM NOBREGA CONSULTORIO GINECOLOG	CONSULTORIOS - CLINICAS - TERAPIAS	GINECOLOGIA	RUA DOUTOR ERALDO AURELIO FRANZESE 57	PAIQUERE	13271608	19-981819392;	CRM-SP 83865
DUO CENTER OFTALMOLOGIA	CONSULTORIOS - CLINICAS - TERAPIAS	GINECOLOGIA	AVENIDA BENJAMIN CONSTANT 2 ANDAR 1134	CENTRO	13010141		CRM-SP 79685
GLAUCIO COSTA DE OLIVEIRA	CONSULTORIOS - CLINICAS - TERAPIAS	GINECOLOGIA	RUA MARIA MONTEIRO 1016	CAMBUI	13025151	19-37058800;19-32948156;	CRM-SP 75106
HP SERVICOS MEDICOS SOCIEDADE SIMPLES	CONSULTORIOS - CLINICAS - TERAPIAS	GINECOLOGIA	RUA DOM BARRETO 157	VILA EMBARE	13271150	19-38295090;19-31670050;	CRM-SP 71382
INSTITUTO PRO-MULHER	CONSULTORIOS - CLINICAS - TERAPIAS	GINECOLOGIA	RUA URUGUAIANA 467	BOSQUE	13026001	19-32343320;19-32548252;	
MIRIAM SIESLER NOBREGA BELISARIO	CONSULTORIOS - CLINICAS - TERAPIAS	GINECOLOGIA	RUA DOUTOR ERALDO AURELIO FRANZESE 57	PAIQUERE	13271608	19-38714212;19-981819392;	CRM-SP 0000083865
SCHNEIDER ASSISTENCIA MEDICA LTDA	CONSULTORIOS - CLINICAS - TERAPIAS	GINECOLOGIA	RUA BARAO GERALDO DE RESENDE 282	BOTAFOGO	13020440	19-33075915;	CRM-SP 995331
SEVIG SERVICOS DE VIDEO ENDOSCOPIA GIN	CONSULTORIOS - CLINICAS - TERAPIAS	GINECOLOGIA	RUA VISCONDE DE TAUNAY 420	VILA ITAPURA	13023200	19-32370954;	
SYMCO MEDICINA	CONSULTORIOS - CLINICAS - TERAPIAS	GINECOLOGIA	RUA CORONEL QUIRINO 1483	CAMBUI	13025002	19-32556764;19-994715639;	
VANDELCI RICCI	CONSULTORIOS - CLINICAS - TERAPIAS	GINECOLOGIA	RUA SACRAMENTO 900	CENTRO	13010210	19-32433751;	CRM-SP 0000032104
ASM - HOSPITAL MADRE THEODORA CAMPINAS	CONSULTORIOS - CLINICAS - TERAPIAS	GINECOLOGIA E OBSTETRICIA	RUA JOSE GERALDO CEREBINO CHRISTOFARO 175	PARQUE RURAL FAZENDA SANTA CANDIDA	13087567	19-30032704;	CRM-SP 84458
ALBA CRISTINA SALVI	CONSULTORIOS - CLINICAS - TERAPIAS	GINECOLOGIA E OBSTETRICIA	AVENIDA ANCHIETA 623	CENTRO	13015101	19-32316517;19-32341940;19-994708940;	CRM-SP 72310
BB INOCHI CONSULTORIO MEDICO LTDA	CONSULTORIOS - CLINICAS - TERAPIAS	GINECOLOGIA E OBSTETRICIA	RUA MARLENE PIATO CONTE 888	PARQUE RESIDENCIAL COLINA DO SOL	13270540	19-38494302;	CRM-RJ 5200859150
CASA DE SAUDE	CONSULTORIOS - CLINICAS - TERAPIAS	GINECOLOGIA E OBSTETRICIA	PRAÇA DOUTOR TOFFOLI 28	CENTRO	13015240	19-37363400;	CRM-SP 149367
CENTER MED	CONSULTORIOS - CLINICAS - TERAPIAS	GINECOLOGIA E OBSTETRICIA	RUA PADRE ALMEIDA 614	CAMBUI	13025251	19-32547812;	
CI - SANTA CLARA	CONSULTORIOS - CLINICAS - TERAPIAS	GINECOLOGIA E OBSTETRICIA	AVENIDA FRANCISCO GLICERIO 1867	CENTRO	13012000	19-32341187;	
CL MED VALBERT DE CASTRO SS LTDA	CONSULTORIOS - CLINICAS - TERAPIAS	GINECOLOGIA E OBSTETRICIA	AVENIDA FRANCISCO GLICERIO 2331	VILA ITAPURA	13023101	19-32335601;	CRM-SP 961484
CLINICA DA MULHER	CONSULTORIOS - CLINICAS - TERAPIAS	GINECOLOGIA E OBSTETRICIA	AVENIDA DAS AMOREIRAS 425	SAO BERNARDO	13036225	19-32733036;	
CLINICA MEDICA MANENTE LIMITADA	CONSULTORIOS - CLINICAS - TERAPIAS	GINECOLOGIA E OBSTETRICIA	AVENIDA JOSE BONIFACIO 2296	JARDIM DAS PAINEIRAS	13092305	19-32556711;	
CONEXA SAUDE	CONSULTORIOS - CLINICAS - TERAPIAS	GINECOLOGIA E OBSTETRICIA	RUA ATENDIMENTO EXCLUSIVO ON-LINE	VILA ITAPURA	13023200		CRM-SP 1006122
DRA MIRIAM NOBREGA CONSULTORIO GINECOLOG	CONSULTORIOS - CLINICAS - TERAPIAS	GINECOLOGIA E OBSTETRICIA	RUA DOUTOR ERALDO AURELIO FRANZESE 57	PAIQUERE	13271608	19-981819392;	CRM-SP 83865
GLAUCIO COSTA DE OLIVEIRA	CONSULTORIOS - CLINICAS - TERAPIAS	GINECOLOGIA E OBSTETRICIA	RUA MARIA MONTEIRO 1016	CAMBUI	13025151	19-37058800;19-32948156;	CRM-SP 75106
HP SERVICOS MEDICOS SOCIEDADE SIMPLES	CONSULTORIOS - CLINICAS - TERAPIAS	GINECOLOGIA E OBSTETRICIA	RUA DOM BARRETO 157	VILA EMBARE	13271150	19-38295090;19-31670050;	CRM-SP 71382
INSTITUTO PRO-MULHER	CONSULTORIOS - CLINICAS - TERAPIAS	GINECOLOGIA E OBSTETRICIA	RUA URUGUAIANA 467	BOSQUE	13026001	19-32343320;19-32548252;	
MIRIAM SIESLER NOBREGA BELISARIO	CONSULTORIOS - CLINICAS - TERAPIAS	GINECOLOGIA E OBSTETRICIA	RUA DOUTOR ERALDO AURELIO FRANZESE 57	PAIQUERE	13271608	19-38714212;19-981819392;	CRM-SP 0000083865
SCHNEIDER ASSISTENCIA MEDICA LTDA	CONSULTORIOS - CLINICAS - TERAPIAS	GINECOLOGIA E OBSTETRICIA	RUA BARAO GERALDO DE RESENDE 282	BOTAFOGO	13020440	19-33075915;	CRM-SP 995331
SEVIG SERVICOS DE VIDEO ENDOSCOPIA GIN	CONSULTORIOS - CLINICAS - TERAPIAS	GINECOLOGIA E OBSTETRICIA	RUA VISCONDE DE TAUNAY 420	VILA ITAPURA	13023200	19-32370954;	
SYMCO MEDICINA	CONSULTORIOS - CLINICAS - TERAPIAS	GINECOLOGIA E OBSTETRICIA	RUA CORONEL QUIRINO 1483	CAMBUI	13025002	19-32556764;19-994715639;	
VANDELCI RICCI	CONSULTORIOS - CLINICAS - TERAPIAS	GINECOLOGIA E OBSTETRICIA	RUA SACRAMENTO 900	CENTRO	13010210	19-32433751;	CRM-SP 0000032104
ASM - INSTITUTO DO RADIUM DE CAMPINAS	CONSULTORIOS - CLINICAS - TERAPIAS	HEMATOLOGIA	AVENIDA DOUTOR HEITOR PENTEADO 1780	VILA LIDIA	13075460	19-37534100;	
ASM - UNIDADE AVANCADA MADRE THEODORA	CONSULTORIOS - CLINICAS - TERAPIAS	HEMATOLOGIA	AVENIDA DOUTOR MORAES SALLES 2371	NOVA CAMPINAS	13092111	19-30032704;	CRM-SP 930040
CASA DE SAUDE	CONSULTORIOS - CLINICAS - TERAPIAS	HEMATOLOGIA	PRAÇA DOUTOR TOFFOLI 28	CENTRO	13015240	19-37363400;	CRM-SP 149367
CENTRO DE HEMATOLOGIA HEMOTERAPIA	CONSULTORIOS - CLINICAS - TERAPIAS	HEMATOLOGIA	AVENIDA JULIO DE MESQUITA 571	CAMBUI	13025063	19-25141555;	CRM-SP 96624
CENTRO INFANTIL DE INVEST HEMAT DR D A BOLDRINI	CONSULTORIOS - CLINICAS - TERAPIAS	HEMATOLOGIA	RUA DR GABRIEL PORTO 1270	CIDADE UNIVERSITARIA	13083210	19-37875000;	
CLINICA MEDICA MEDEIROS	CONSULTORIOS - CLINICAS - TERAPIAS	HEMATOLOGIA	RUA FREI ANTONIO DE PADUA 1263	JARDIM GUANABARA	13073330	19-32435917;19-32038272;19-998246994;	
CENTRO DE DESOSPITALIZACAO HUMANA - VIVER	CONSULTORIOS - CLINICAS - TERAPIAS	HEMATOLOGIA PEDIATRICA	RUA CAMARGO PAES 776	JARDIM GUANABARA	13073350	19-25116989;19-25126989;	CRM-SP 51466
ASM - UNIDADE AVANCADA MADRE THEODORA	CONSULTORIOS - CLINICAS - TERAPIAS	HEPATOLOGIA	AVENIDA DOUTOR MORAES SALLES 2371	NOVA CAMPINAS	13092111	19-30032704;	CRM-SP 930040
HEP CENTRO SERVICOS MEDICOS	CONSULTORIOS - CLINICAS - TERAPIAS	HEPATOLOGIA	AVENIDA ANDRADE NEVES 2412	JARDIM CHAPADAO	13070001	19-32121513;	CRM
CASA DE SAUDE	CONSULTORIOS - CLINICAS - TERAPIAS	HOMEOPATIA	PRAÇA DOUTOR TOFFOLI 28	CENTRO	13015240	19-37363400;	CRM-SP 149367
CENTRO MEDICO HOMEOPATICO DE CAMPINAS	CONSULTORIOS - CLINICAS - TERAPIAS	HOMEOPATIA	RUA CAMARGO PAES 642	JARDIM GUANABARA	13073350	19-32335513;	
GLAUCIO COSTA DE OLIVEIRA	CONSULTORIOS - CLINICAS - TERAPIAS	HOMEOPATIA	RUA MARIA MONTEIRO 1016	CAMBUI	13025151	19-37058800;19-32948156;	CRM-SP 75106
PAULO DE TARSO SEIXAS	CONSULTORIOS - CLINICAS - TERAPIAS	HOMEOPATIA	RUA GONCALVES CESAR 383	JARDIM GUANABARA	13073230	19-32422625;	CRM-SP 60922
VITOR JOSE FANTINATO PANSANI	CONSULTORIOS - CLINICAS - TERAPIAS	HOMEOPATIA	RUA VISCONDE DE TAUNAY 305	VILA ITAPURA	13023200	19-32319542;19-32365915;	CRM-SP 32449
MARCIA FINUCCI	CONSULTORIOS - CLINICAS - TERAPIAS	HOMEOPATIA PEDIATRICA	RUA VISCONDE DE TAUNAY 421	VILA ITAPURA	13023200	19-32376426;19-32352858;19-992067211;	CRM-SP 57581
PAULO DE TARSO SEIXAS	CONSULTORIOS - CLINICAS - TERAPIAS	HOMEOPATIA PEDIATRICA	RUA GONCALVES CESAR 383	JARDIM GUANABARA	13073230	19-32422625;	CRM-SP 60922
ASM - HOSPITAL MADRE THEODORA CAMPINAS	CONSULTORIOS - CLINICAS - TERAPIAS	INFECTOLOGIA	RUA JOSE GERALDO CEREBINO CHRISTOFARO 175	PARQUE RURAL FAZENDA SANTA CANDIDA	13087567	19-30032704;	CRM-SP 84458
CENTRO DE DESOSPITALIZACAO HUMANA - VIVER	CONSULTORIOS - CLINICAS - TERAPIAS	INFECTOLOGIA	RUA CAMARGO PAES 776	JARDIM GUANABARA	13073350	19-25116989;19-25126989;	CRM-SP 51466
CASA DE SAUDE	CONSULTORIOS - CLINICAS - TERAPIAS	INFECTOLOGIA	PRAÇA DOUTOR TOFFOLI 28	CENTRO	13015240	19-37363400;	CRM-SP 149367
CONEXA SAUDE	CONSULTORIOS - CLINICAS - TERAPIAS	INFECTOLOGIA	RUA ATENDIMENTO EXCLUSIVO ON-LINE	VILA ITAPURA	13023200		CRM-SP 1006122
LEME QUEZADA PRESTADORA SERVICOS MEDICOS	CONSULTORIOS - CLINICAS - TERAPIAS	INFECTOLOGIA	RUA SACRAMENTO 928	VILA ITAPURA	13023185	19-984488688;15-981135687;15-981836060;	
ASM - HOSPITAL MADRE THEODORA CAMPINAS	CONSULTORIOS - CLINICAS - TERAPIAS	MASTOLOGIA	RUA JOSE GERALDO CEREBINO CHRISTOFARO 175	PARQUE RURAL FAZENDA SANTA CANDIDA	13087567	19-30032704;	CRM-SP 84458
ASM - UNIDADE AVANCADA MADRE THEODORA	CONSULTORIOS - CLINICAS - TERAPIAS	MASTOLOGIA	AVENIDA DOUTOR MORAES SALLES 2371	NOVA CAMPINAS	13092111	19-30032704;	CRM-SP 930040
CLINICA MEDICA MANENTE LIMITADA	CONSULTORIOS - CLINICAS - TERAPIAS	MASTOLOGIA	AVENIDA JOSE BONIFACIO 2296	JARDIM DAS PAINEIRAS	13092305	19-32556711;	
CONEXA SAUDE	CONSULTORIOS - CLINICAS - TERAPIAS	MASTOLOGIA	RUA ATENDIMENTO EXCLUSIVO ON-LINE	VILA ITAPURA	13023200		CRM-SP 1006122
SYMCO MEDICINA	CONSULTORIOS - CLINICAS - TERAPIAS	MASTOLOGIA	RUA CORONEL QUIRINO 1483	CAMBUI	13025002	19-32556764;19-994715639;	
CONEXA SAUDE	CONSULTORIOS - CLINICAS - TERAPIAS	MEDICINA DE FAMILIA	RUA ATENDIMENTO EXCLUSIVO ON-LINE	VILA ITAPURA	13023200		CRM-SP 1006122
ASM - HOSPITAL MADRE THEODORA CAMPINAS	CONSULTORIOS - CLINICAS - TERAPIAS	NEFROLOGIA	RUA JOSE GERALDO CEREBINO CHRISTOFARO 175	PARQUE RURAL FAZENDA SANTA CANDIDA	13087567	19-30032704;	CRM-SP 84458
ASM - UNIDADE AVANCADA MADRE THEODORA	CONSULTORIOS - CLINICAS - TERAPIAS	NEFROLOGIA	AVENIDA DOUTOR MORAES SALLES 2371	NOVA CAMPINAS	13092111	19-30032704;	CRM-SP 930040
NEFROCAMP NEFROLOGISTAS ASSOCIADOS	CONSULTORIOS - CLINICAS - TERAPIAS	NEFROLOGIA	RUA BARBOSA DA CUNHA 603	JARDIM GUANABARA	13073320	19-32120379;19-32430543;	CRM-SP 89089
NEFROCAMP NEFROLOGISTAS ASSOCIADOS	CONSULTORIOS - CLINICAS - TERAPIAS	NEFROLOGIA PEDIATRICA	RUA BARBOSA DA CUNHA 603	JARDIM GUANABARA	13073320	19-32120379;19-32430543;	CRM-SP 89089
ASM - HOSPITAL MADRE THEODORA CAMPINAS	CONSULTORIOS - CLINICAS - TERAPIAS	NEUROCIRURGIA	RUA JOSE GERALDO CEREBINO CHRISTOFARO 175	PARQUE RURAL FAZENDA SANTA CANDIDA	13087567	19-30032704;	CRM-SP 84458
ASM - UNIDADE AVANCADA MADRE THEODORA	CONSULTORIOS - CLINICAS - TERAPIAS	NEUROCIRURGIA	AVENIDA DOUTOR MORAES SALLES 2371	NOVA CAMPINAS	13092111	19-30032704;	CRM-SP 930040
JOSE HENRIQUE FIGUEIREDO RACHED	CONSULTORIOS - CLINICAS - TERAPIAS	NEUROCIRURGIA	AVENIDA BARAO DE ITAPURA 385	BOTAFOGO	13020430	19-32314110;19-32349498;	CRM-SP 64247
CASA DE SAUDE	CONSULTORIOS - CLINICAS - TERAPIAS	NEUROCIRURGIA	PRAÇA DOUTOR TOFFOLI 28	CENTRO	13015240	19-37363400;	CRM-SP 149367
CENTRO DE ORTOP E FRATURAS VALINHOS	CONSULTORIOS - CLINICAS - TERAPIAS	NEUROCIRURGIA	AVENIDA AV ONZE DE AGOSTO 2035	VILA EMBARE	13276130	19-38696688;	CRM-SP
LEME QUEZADA PRESTADORA SERVICOS MEDICOS	CONSULTORIOS - CLINICAS - TERAPIAS	NEUROCIRURGIA	RUA SACRAMENTO 928	VILA ITAPURA	13023185	19-984488688;15-981135687;15-981836060;	
ASM - HOSPITAL MADRE THEODORA CAMPINAS	CONSULTORIOS - CLINICAS - TERAPIAS	NEUROCIRURGIA PEDIATRICA	RUA JOSE GERALDO CEREBINO CHRISTOFARO 175	PARQUE RURAL FAZENDA SANTA CANDIDA	13087567	19-30032704;	CRM-SP 84458
CENTRO DE DESOSPITALIZACAO HUMANA - VIVER	CONSULTORIOS - CLINICAS - TERAPIAS	NEUROCIRURGIA PEDIATRICA	RUA CAMARGO PAES 776	JARDIM GUANABARA	13073350	19-25116989;19-25126989;	CRM-SP 51466
ASM - HOSPITAL MADRE THEODORA CAMPINAS	CONSULTORIOS - CLINICAS - TERAPIAS	NEUROLOGIA	RUA JOSE GERALDO CEREBINO CHRISTOFARO 175	PARQUE RURAL FAZENDA SANTA CANDIDA	13087567	19-30032704;	CRM-SP 84458
ASM - UNIDADE AVANCADA MADRE THEODORA	CONSULTORIOS - CLINICAS - TERAPIAS	NEUROLOGIA	AVENIDA DOUTOR MORAES SALLES 2371	NOVA CAMPINAS	13092111	19-30032704;	CRM-SP 930040
JOSE HENRIQUE FIGUEIREDO RACHED	CONSULTORIOS - CLINICAS - TERAPIAS	NEUROLOGIA	AVENIDA BARAO DE ITAPURA 385	BOTAFOGO	13020430	19-32314110;19-32349498;	CRM-SP 64247
CASA DE SAUDE	CONSULTORIOS - CLINICAS - TERAPIAS	NEUROLOGIA	PRAÇA DOUTOR TOFFOLI 28	CENTRO	13015240	19-37363400;	CRM-SP 149367
CENTRO INTEGRADO NEUROLOGIA DE CAMPINAS	CONSULTORIOS - CLINICAS - TERAPIAS	NEUROLOGIA	RUA DOUTOR CLEMENTE FERREIRA 44	BOTAFOGO	13020120	19-33975186;19-25126212;	
CONEXA SAUDE	CONSULTORIOS - CLINICAS - TERAPIAS	NEUROLOGIA	RUA ATENDIMENTO EXCLUSIVO ON-LINE	VILA ITAPURA	13023200		CRM-SP 1006122
LEME QUEZADA PRESTADORA SERVICOS MEDICOS	CONSULTORIOS - CLINICAS - TERAPIAS	NEUROLOGIA	RUA SACRAMENTO 928	VILA ITAPURA	13023185	19-984488688;15-981135687;15-981836060;	
JOSE HENRIQUE FIGUEIREDO RACHED	CONSULTORIOS - CLINICAS - TERAPIAS	NEUROLOGIA PEDIATRICA	AVENIDA BARAO DE ITAPURA 385	BOTAFOGO	13020430	19-32314110;19-32349498;	CRM-SP 64247
CENTRO INTEGRADO NEUROLOGIA DE CAMPINAS	CONSULTORIOS - CLINICAS - TERAPIAS	NEUROLOGIA PEDIATRICA	RUA DOUTOR CLEMENTE FERREIRA 44	BOTAFOGO	13020120	19-33975186;19-25126212;	
LEME QUEZADA PRESTADORA SERVICOS MEDICOS	CONSULTORIOS - CLINICAS - TERAPIAS	NEUROLOGIA PEDIATRICA	RUA SACRAMENTO 928	VILA ITAPURA	13023185	19-984488688;15-981135687;15-981836060;	
CETE CENTRO ESP DE TERAPIA E ESTIM	CONSULTORIOS - CLINICAS - TERAPIAS	NUTRICAO	AVENIDA FRANCISCO JOSE DE CAMARGO ANDRADE 358	JARDIM CHAPADAO	13070055	19-32416050;19-33427730;	
KIKLOS SAUDE CAMPINAS	CONSULTORIOS - CLINICAS - TERAPIAS	NUTRICAO	AVENIDA JOSE BONIFACIO 718	JARDIM FLAMBOYANT	13091140	19-33427910;	CRFA-SP 4436
CENTRO INFANTIL DE INVEST HEMAT DR D A BOLDRINI	CONSULTORIOS - CLINICAS - TERAPIAS	NUTRICAO	RUA DR GABRIEL PORTO 1270	CIDADE UNIVERSITARIA	13083210	19-37875000;	
CI - SANTA CLARA	CONSULTORIOS - CLINICAS - TERAPIAS	NUTRICAO	AVENIDA FRANCISCO GLICERIO 1867	CENTRO	13012000	19-32341187;	
CLINICA AUN	CONSULTORIOS - CLINICAS - TERAPIAS	NUTRICAO	RUA BARAO DE ATIBAIA 80	VILA ITAPURA	13023010	19-32325825;19-32327268;	CRM-SP 94323
CLINICA E LABORATORIO DA VITA	CONSULTORIOS - CLINICAS - TERAPIAS	NUTRICAO	RODOVIA VISCONDE DE PORTO SEGURO 1751	SITIO RECREIO DOS CAFEZAIS	13278327		
CLINICA MANNINA	CONSULTORIOS - CLINICAS - TERAPIAS	NUTRICAO	RUA AMELIA BUENO 159	TAQUARAL	13076050	19-33052632;19-989219616;19-994294222;	
CONEXA SAUDE	CONSULTORIOS - CLINICAS - TERAPIAS	NUTRICAO	RUA ATENDIMENTO EXCLUSIVO ON-LINE	VILA ITAPURA	13023200		CRM-SP 1006122
CL MED VALBERT DE CASTRO SS LTDA	CONSULTORIOS - CLINICAS - TERAPIAS	NUTROLOGIA	AVENIDA FRANCISCO GLICERIO 2331	VILA ITAPURA	13023101	19-32335601;	CRM-SP 961484
CONEXA SAUDE	CONSULTORIOS - CLINICAS - TERAPIAS	NUTROLOGIA	RUA ATENDIMENTO EXCLUSIVO ON-LINE	VILA ITAPURA	13023200		CRM-SP 1006122
LEME QUEZADA PRESTADORA SERVICOS MEDICOS	CONSULTORIOS - CLINICAS - TERAPIAS	NUTROLOGIA	RUA SACRAMENTO 928	VILA ITAPURA	13023185	19-984488688;15-981135687;15-981836060;	
ASM - HOSPITAL MADRE THEODORA CAMPINAS	CONSULTORIOS - CLINICAS - TERAPIAS	OBSTETRICIA	RUA JOSE GERALDO CEREBINO CHRISTOFARO 175	PARQUE RURAL FAZENDA SANTA CANDIDA	13087567	19-30032704;	CRM-SP 84458
ANDREA PEREIRA FRIAS SARTORELLI	CONSULTORIOS - CLINICAS - TERAPIAS	OFTALMOLOGIA	RUA ADEMAR PEREIRA DE BARROS 21	CENTRO	13201796	11-45226184;	CRM-SP 83438
CCMC DR ARMANDO SIGNORELLI JR	CONSULTORIOS - CLINICAS - TERAPIAS	OFTALMOLOGIA	RUA RUA MAJOR SOLON 367	CAMBUI	13024091	19-32344040;	
CLINICA DE OFTALMOLOGIA NOVA CAMPINAS	CONSULTORIOS - CLINICAS - TERAPIAS	OFTALMOLOGIA	RUA VISCONDESSA DE CAMPINAS 399	NOVA CAMPINAS	13092135	19-37947676;	
CONEXA SAUDE	CONSULTORIOS - CLINICAS - TERAPIAS	OFTALMOLOGIA	RUA ATENDIMENTO EXCLUSIVO ON-LINE	VILA ITAPURA	13023200		CRM-SP 1006122
DERMAVISUS - CENTRO DE DERMATOLOGIA & OFTAMOLOGIA	CONSULTORIOS - CLINICAS - TERAPIAS	OFTALMOLOGIA	AVENIDA DOUTOR MORAES SALES 1136	CENTRO	13010001		
DUO CENTER OFTALMOLOGIA	CONSULTORIOS - CLINICAS - TERAPIAS	OFTALMOLOGIA	AVENIDA BENJAMIN CONSTANT 2 ANDAR 1134	CENTRO	13010141		CRM-SP 79685
FERNANDO ROSAS GROTTO	CONSULTORIOS - CLINICAS - TERAPIAS	OFTALMOLOGIA	RUA R CORONEL QUIRINO 1614	CAMBUI	13025002	19-32515460;19-32555504;	CRM-SP 43745
GILVANO AMORIM OLIVEIRA	CONSULTORIOS - CLINICAS - TERAPIAS	OFTALMOLOGIA	AVENIDA ONZE DE AGOSTO 1451	VILA CLAYTON	13276130	19-33276981;	
IOV - INSTITUTO OFTALMOLOGICO DE VALINHOS	CONSULTORIOS - CLINICAS - TERAPIAS	OFTALMOLOGIA	AVENIDA JOAQUIM ALVES CORREA 4803	PARQUE NOVA SUICA	13271430	19-32444171;	
MC MENDES SERVICOS MEDICOS	CONSULTORIOS - CLINICAS - TERAPIAS	OFTALMOLOGIA	RUA TREZE DE MAIO 159	CENTRO	13270020	19-32442706;	
VER MAIS OFTALMOLOGIA	CONSULTORIOS - CLINICAS - TERAPIAS	OFTALMOLOGIA	RUA DOM NERY 745	VILA EMBARE	13271170	11-69659446;	
ASM - HOSPITAL MADRE THEODORA CAMPINAS	CONSULTORIOS - CLINICAS - TERAPIAS	ONCOLOGIA	RUA JOSE GERALDO CEREBINO CHRISTOFARO 175	PARQUE RURAL FAZENDA SANTA CANDIDA	13087567	19-30032704;	CRM-SP 84458
ASM - UNIDADE AVANCADA MADRE THEODORA	CONSULTORIOS - CLINICAS - TERAPIAS	ONCOLOGIA	AVENIDA DOUTOR MORAES SALLES 2371	NOVA CAMPINAS	13092111	19-30032704;	CRM-SP 930040
CENTRO INFANTIL DE INVEST HEMAT DR D A BOLDRINI	CONSULTORIOS - CLINICAS - TERAPIAS	ONCOLOGIA	RUA DR GABRIEL PORTO 1270	CIDADE UNIVERSITARIA	13083210	19-37875000;	
ASM - HOSPITAL MADRE THEODORA CAMPINAS	CONSULTORIOS - CLINICAS - TERAPIAS	ONCOLOGIA CIRURGICA	RUA JOSE GERALDO CEREBINO CHRISTOFARO 175	PARQUE RURAL FAZENDA SANTA CANDIDA	13087567	19-30032704;	CRM-SP 84458
ASM - INSTITUTO DO RADIUM DE CAMPINAS	CONSULTORIOS - CLINICAS - TERAPIAS	ONCOLOGIA CIRURGICA	AVENIDA DOUTOR HEITOR PENTEADO 1780	VILA LIDIA	13075460	19-37534100;	
ASM - HOSPITAL MADRE THEODORA CAMPINAS	CONSULTORIOS - CLINICAS - TERAPIAS	ORTOPEDIA - CIRURGIA DA MAO	RUA JOSE GERALDO CEREBINO CHRISTOFARO 175	PARQUE RURAL FAZENDA SANTA CANDIDA	13087567	19-30032704;	CRM-SP 84458
ASM - UNIDADE AVANCADA MADRE THEODORA	CONSULTORIOS - CLINICAS - TERAPIAS	ORTOPEDIA - CIRURGIA DA MAO	AVENIDA DOUTOR MORAES SALLES 2371	NOVA CAMPINAS	13092111	19-30032704;	CRM-SP 930040
CENTRO DE ORTOP E FRATURAS VALINHOS	CONSULTORIOS - CLINICAS - TERAPIAS	ORTOPEDIA - CIRURGIA DA MAO	AVENIDA AV ONZE DE AGOSTO 2035	VILA EMBARE	13276130	19-38696688;	CRM-SP
ORTO CLINICA CAMPINAS	CONSULTORIOS - CLINICAS - TERAPIAS	ORTOPEDIA - CIRURGIA DA MAO	AVENIDA BARAO DE ITAPURA 685	BOTAFOGO	13020431		
ORTO CLINICA CAMPINAS	CONSULTORIOS - CLINICAS - TERAPIAS	ORTOPEDIA - CIRURGIA DE PE E TORNOZELO	AVENIDA BARAO DE ITAPURA 685	BOTAFOGO	13020431		
ORTO CLINICA CAMPINAS	CONSULTORIOS - CLINICAS - TERAPIAS	ORTOPEDIA - CIRURGIA DE QUADRIL	AVENIDA BARAO DE ITAPURA 685	BOTAFOGO	13020431		
ORTO CLINICA CAMPINAS	CONSULTORIOS - CLINICAS - TERAPIAS	ORTOPEDIA - CIRURGIA DO JOELHO	AVENIDA BARAO DE ITAPURA 685	BOTAFOGO	13020431		
ORTO CLINICA CAMPINAS	CONSULTORIOS - CLINICAS - TERAPIAS	ORTOPEDIA - CIRURGIA DO OMBRO	AVENIDA BARAO DE ITAPURA 685	BOTAFOGO	13020431		
ASM - HOSPITAL MADRE THEODORA CAMPINAS	CONSULTORIOS - CLINICAS - TERAPIAS	ORTOPEDIA E TRAUMATOLOGIA	RUA JOSE GERALDO CEREBINO CHRISTOFARO 175	PARQUE RURAL FAZENDA SANTA CANDIDA	13087567	19-30032704;	CRM-SP 84458
ASM - UNIDADE AVANCADA MADRE THEODORA	CONSULTORIOS - CLINICAS - TERAPIAS	ORTOPEDIA E TRAUMATOLOGIA	AVENIDA DOUTOR MORAES SALLES 2371	NOVA CAMPINAS	13092111	19-30032704;	CRM-SP 930040
CETE CENTRO ESP DE TERAPIA E ESTIM	CONSULTORIOS - CLINICAS - TERAPIAS	ORTOPEDIA E TRAUMATOLOGIA	AVENIDA FRANCISCO JOSE DE CAMARGO ANDRADE 358	JARDIM CHAPADAO	13070055	19-32416050;19-33427730;	
CENTRO DE ORTOP E FRATURAS VALINHOS	CONSULTORIOS - CLINICAS - TERAPIAS	ORTOPEDIA E TRAUMATOLOGIA	AVENIDA AV ONZE DE AGOSTO 2035	VILA EMBARE	13276130	19-38696688;	CRM-SP
OC ORTOPEDIA CAMPINAS	CONSULTORIOS - CLINICAS - TERAPIAS	ORTOPEDIA E TRAUMATOLOGIA	RUA SALDANHA MARINHO 1222	BOTAFOGO	13013081	19-32320977;19-32320550;	
ORTO CLINICA CAMPINAS	CONSULTORIOS - CLINICAS - TERAPIAS	ORTOPEDIA E TRAUMATOLOGIA	AVENIDA BARAO DE ITAPURA 685	BOTAFOGO	13020431		
THIAGO DIAS MONTEIRO DA SILVA	CONSULTORIOS - CLINICAS - TERAPIAS	ORTOPEDIA E TRAUMATOLOGIA	RUA JOSE GERALDO CEREBINO CHRISTOFARO 175	PARQUE RURAL FAZENDA SANTA CANDIDA	13087567		CRM-SP 118944
ASM - HOSPITAL MADRE THEODORA CAMPINAS	CONSULTORIOS - CLINICAS - TERAPIAS	OTORRINOLARINGOLOGIA	RUA JOSE GERALDO CEREBINO CHRISTOFARO 175	PARQUE RURAL FAZENDA SANTA CANDIDA	13087567	19-30032704;	CRM-SP 84458
CASA DE SAUDE	CONSULTORIOS - CLINICAS - TERAPIAS	OTORRINOLARINGOLOGIA	PRAÇA DOUTOR TOFFOLI 28	CENTRO	13015240	19-37363400;	CRM-SP 149367
CLINICA MEDICA OTONEURO	CONSULTORIOS - CLINICAS - TERAPIAS	OTORRINOLARINGOLOGIA	RUA SACRAMENTO 900	CENTRO	13010210	19-32325097;19-32320737;	CRM-SP 43702
CLINICA DE OTORRINOLARINGOLOGIA DO INSTITUTO PENIDO BURNIER	CONSULTORIOS - CLINICAS - TERAPIAS	OTORRINOLARINGOLOGIA	AVENIDA ANDRADE NEVES 611	CENTRO	13013160	19-37391020;	CRM-SP 61691
CLINICA DE SAUDE INTEGRADA CAMPINAS	CONSULTORIOS - CLINICAS - TERAPIAS	OTORRINOLARINGOLOGIA	AVENIDA BARAO DE ITAPURA 2137	JARDIM GUANABARA	13073300	19-32123255;19-32430411;	
JOSE GILBERTO SCANDIUCCI	CONSULTORIOS - CLINICAS - TERAPIAS	OTORRINOLARINGOLOGIA	RUA JOSE PAULINO 1747	VILA ITAPURA	13023102	19-32341194;19-33429971;19-33429972;19-32369918;	
CONEXA SAUDE	CONSULTORIOS - CLINICAS - TERAPIAS	OTORRINOLARINGOLOGIA PEDIATRICA	RUA ATENDIMENTO EXCLUSIVO ON-LINE	VILA ITAPURA	13023200		CRM-SP 1006122
ASM - HOSPITAL MADRE THEODORA CAMPINAS	CONSULTORIOS - CLINICAS - TERAPIAS	PEDIATRIA	RUA JOSE GERALDO CEREBINO CHRISTOFARO 175	PARQUE RURAL FAZENDA SANTA CANDIDA	13087567	19-30032704;	CRM-SP 84458
CENTRO DE DESOSPITALIZACAO HUMANA - VIVER	CONSULTORIOS - CLINICAS - TERAPIAS	PEDIATRIA	RUA CAMARGO PAES 776	JARDIM GUANABARA	13073350	19-25116989;19-25126989;	CRM-SP 51466
CAMILA REBELO NICOLAU	CONSULTORIOS - CLINICAS - TERAPIAS	PEDIATRIA	RUA LUIZ SPIANDORELLI NETO 60	LOTEAMENTO PAIQUERE	13271570	19-32992112;	CRM-SP 122809
CI - SANTA CLARA	CONSULTORIOS - CLINICAS - TERAPIAS	PEDIATRIA	AVENIDA FRANCISCO GLICERIO 1867	CENTRO	13012000	19-32341187;	
CLINICA AUN	CONSULTORIOS - CLINICAS - TERAPIAS	PEDIATRIA	RUA BARAO DE ATIBAIA 80	VILA ITAPURA	13023010	19-32325825;19-32327268;	CRM-SP 94323
CLINICA MEDICA CARVALHO & NASSER	CONSULTORIOS - CLINICAS - TERAPIAS	PEDIATRIA	RUA LUIZ SPIANDORELLI NETO 30	LOTEAMENTO PAIQUERE	13271570	19-38712540;19-38497634;19-38716457;	
CLINICA MEDICA E DERMATOLOGICA AVANCADA	CONSULTORIOS - CLINICAS - TERAPIAS	PEDIATRIA	RUA ITALIA 274	JARDIM RIBEIRO	13270180	19-38496221;19-33274838;	
CLINICA MEDICA MEDEIROS	CONSULTORIOS - CLINICAS - TERAPIAS	PEDIATRIA	RUA FREI ANTONIO DE PADUA 1263	JARDIM GUANABARA	13073330	19-32435917;19-32038272;19-998246994;	
CLINICA MEDICA SANTANA	CONSULTORIOS - CLINICAS - TERAPIAS	PEDIATRIA	RUA ARMANDO FREDERICO RENGANESCHI 168	JARDIM CRISTINA	13054000	19-30321064;19-991837331;19-32733036;	CRM-SP 88160
DANILO CEREJA JABALI	CONSULTORIOS - CLINICAS - TERAPIAS	PEDIATRIA	RUA AUFERIS DOMINGOS 55	CAMBUI	13025003	19-32542166;19-32542436;	CRM-SP 70771
FATIMA CRISTINA DE FREITAS WHITACKER	CONSULTORIOS - CLINICAS - TERAPIAS	PEDIATRIA	RUA FREI MANOEL DA RESSURREICAO 526	JARDIM GUANABARA	13073221	19-32317742;19-32352025;	
ASM - HOSPITAL MADRE THEODORA CAMPINAS	CONSULTORIOS - CLINICAS - TERAPIAS	PNEUMOLOGIA	RUA JOSE GERALDO CEREBINO CHRISTOFARO 175	PARQUE RURAL FAZENDA SANTA CANDIDA	13087567	19-30032704;	CRM-SP 84458
ASM - UNIDADE AVANCADA MADRE THEODORA	CONSULTORIOS - CLINICAS - TERAPIAS	PNEUMOLOGIA	AVENIDA DOUTOR MORAES SALLES 2371	NOVA CAMPINAS	13092111	19-30032704;	CRM-SP 930040
CASA DE SAUDE	CONSULTORIOS - CLINICAS - TERAPIAS	PNEUMOLOGIA	PRAÇA DOUTOR TOFFOLI 28	CENTRO	13015240	19-37363400;	CRM-SP 149367
DULCE CORREA MAMPRIM PILOTO	CONSULTORIOS - CLINICAS - TERAPIAS	PNEUMOLOGIA	AVENIDA ANDRADE NEVES 699	CENTRO	13013161	19-21218044;	CRM-SP 39120
RUI ALMEIDA COATTI	CONSULTORIOS - CLINICAS - TERAPIAS	PNEUMOLOGIA	RUA DUQUE DE CAXIAS 780	CENTRO	13015311	19-32343244;	CRM-SP 18459
CINARA DE OLIVEIRA JAMAL	CONSULTORIOS - CLINICAS - TERAPIAS	PNEUMOLOGIA PEDIATRICA	AVENIDA JOSE BONIFACIO 49	JARDIM FLAMBOYANT	13091140	19-33263488;19-997620888;	CRM-SP 79298
RUI ALMEIDA COATTI	CONSULTORIOS - CLINICAS - TERAPIAS	PNEUMOLOGIA PEDIATRICA	RUA DUQUE DE CAXIAS 780	CENTRO	13015311	19-32343244;	CRM-SP 18459
ASM - HOSPITAL MADRE THEODORA CAMPINAS	CONSULTORIOS - CLINICAS - TERAPIAS	PROCTOLOGIA	RUA JOSE GERALDO CEREBINO CHRISTOFARO 175	PARQUE RURAL FAZENDA SANTA CANDIDA	13087567	19-30032704;	CRM-SP 84458
ASM - UNIDADE AVANCADA MADRE THEODORA	CONSULTORIOS - CLINICAS - TERAPIAS	PROCTOLOGIA	AVENIDA DOUTOR MORAES SALLES 2371	NOVA CAMPINAS	13092111	19-30032704;	CRM-SP 930040
CLINICA AUN	CONSULTORIOS - CLINICAS - TERAPIAS	PROCTOLOGIA	RUA BARAO DE ATIBAIA 80	VILA ITAPURA	13023010	19-32325825;19-32327268;	CRM-SP 94323
CLINICA DE GASTROENTEROLOGIA E PROCTOLOGIA DE CAMPINAS	CONSULTORIOS - CLINICAS - TERAPIAS	PROCTOLOGIA	RUA JOSE PAULINO 2223	VILA ITAPURA	13023102	19-32332844;19-32540952;	
CLINICA MANNINA	CONSULTORIOS - CLINICAS - TERAPIAS	PROCTOLOGIA	RUA AMELIA BUENO 159	TAQUARAL	13076050	19-33052632;19-989219616;19-994294222;	
CONEXA SAUDE	CONSULTORIOS - CLINICAS - TERAPIAS	PROCTOLOGIA	RUA ATENDIMENTO EXCLUSIVO ON-LINE	VILA ITAPURA	13023200		CRM-SP 1006122
CETE CENTRO ESP DE TERAPIA E ESTIM	CONSULTORIOS - CLINICAS - TERAPIAS	PSICOLOGIA	AVENIDA FRANCISCO JOSE DE CAMARGO ANDRADE 358	JARDIM CHAPADAO	13070055	19-32416050;19-33427730;	
KIKLOS SAUDE CAMPINAS	CONSULTORIOS - CLINICAS - TERAPIAS	PSICOLOGIA	AVENIDA JOSE BONIFACIO 718	JARDIM FLAMBOYANT	13091140	19-33427910;	CRFA-SP 4436
CI - SANTA CLARA	CONSULTORIOS - CLINICAS - TERAPIAS	PSICOLOGIA	AVENIDA FRANCISCO GLICERIO 1867	CENTRO	13012000	19-32341187;	
CLAUDIA HELENA CARBONI	CONSULTORIOS - CLINICAS - TERAPIAS	PSICOLOGIA	AVENIDA DOUTOR JESUINO MARCONDES MACHADO 2358	CHACARA DA BARRA	13090723	19-32910246;	CRP-SP 28927
CLINICA AUN	CONSULTORIOS - CLINICAS - TERAPIAS	PSICOLOGIA	RUA BARAO DE ATIBAIA 80	VILA ITAPURA	13023010	19-32325825;19-32327268;	CRM-SP 94323
CLINICA MANNINA	CONSULTORIOS - CLINICAS - TERAPIAS	PSICOLOGIA	RUA AMELIA BUENO 159	TAQUARAL	13076050	19-33052632;19-989219616;19-994294222;	
DUO CENTER OFTALMOLOGIA	CONSULTORIOS - CLINICAS - TERAPIAS	PSICOLOGIA	AVENIDA BENJAMIN CONSTANT 2 ANDAR 1134	CENTRO	13010141		CRM-SP 79685
ESPACO BAMBINI	CONSULTORIOS - CLINICAS - TERAPIAS	PSICOLOGIA	AVENIDA DERMIVAL BERNARDES SIQUEIRA 3276	SWISS PARK	13049252	19-983139019;	CRFA-SP 75927
LUCIMARIA TAVARES RANGEL	CONSULTORIOS - CLINICAS - TERAPIAS	PSICOLOGIA	RUA DOUTOR GUILHERME DA SILVA 450	CAMBUI	13025070		CRP-SP 684978
O MUNDO EM LINGUAGEM CLINICA MULTIDISCIPLINAR LTDA	CONSULTORIOS - CLINICAS - TERAPIAS	PSICOLOGIA	AVENIDA DOUTOR HEITOR PENTEADO 1785	PARQUE TAQUARAL	13087000	19-32396345;	CRFA-SP 12440
PREPARO ASSISTENCIA MEDICA PSIQUIATRICA	CONSULTORIOS - CLINICAS - TERAPIAS	PSIQUIATRIA	RUA CAMARGO PAES 568	JARDIM GUANABARA	13073350	19-32343173;	CRM 24969
CONEXA SAUDE	CONSULTORIOS - CLINICAS - TERAPIAS	PSIQUIATRIA	RUA ATENDIMENTO EXCLUSIVO ON-LINE	VILA ITAPURA	13023200		CRM-SP 1006122
DUO CENTER OFTALMOLOGIA	CONSULTORIOS - CLINICAS - TERAPIAS	PSIQUIATRIA	AVENIDA BENJAMIN CONSTANT 2 ANDAR 1134	CENTRO	13010141		CRM-SP 79685
ASM - HOSPITAL MADRE THEODORA CAMPINAS	CONSULTORIOS - CLINICAS - TERAPIAS	REUMATOLOGIA	RUA JOSE GERALDO CEREBINO CHRISTOFARO 175	PARQUE RURAL FAZENDA SANTA CANDIDA	13087567	19-30032704;	CRM-SP 84458
ASM - UNIDADE AVANCADA MADRE THEODORA	CONSULTORIOS - CLINICAS - TERAPIAS	REUMATOLOGIA	AVENIDA DOUTOR MORAES SALLES 2371	NOVA CAMPINAS	13092111	19-30032704;	CRM-SP 930040
CENTRO DE DESOSPITALIZACAO HUMANA - VIVER	CONSULTORIOS - CLINICAS - TERAPIAS	REUMATOLOGIA	RUA CAMARGO PAES 776	JARDIM GUANABARA	13073350	19-25116989;19-25126989;	CRM-SP 51466
CASA DE SAUDE	CONSULTORIOS - CLINICAS - TERAPIAS	REUMATOLOGIA	PRAÇA DOUTOR TOFFOLI 28	CENTRO	13015240	19-37363400;	CRM-SP 149367
CLINICA MEDICA MEDEIROS	CONSULTORIOS - CLINICAS - TERAPIAS	REUMATOLOGIA	RUA FREI ANTONIO DE PADUA 1263	JARDIM GUANABARA	13073330	19-32435917;19-32038272;19-998246994;	
ASM - HOSPITAL MADRE THEODORA CAMPINAS	CONSULTORIOS - CLINICAS - TERAPIAS	UROLOGIA	RUA JOSE GERALDO CEREBINO CHRISTOFARO 175	PARQUE RURAL FAZENDA SANTA CANDIDA	13087567	19-30032704;	CRM-SP 84458
ASM - UNIDADE AVANCADA MADRE THEODORA	CONSULTORIOS - CLINICAS - TERAPIAS	UROLOGIA	AVENIDA DOUTOR MORAES SALLES 2371	NOVA CAMPINAS	13092111	19-30032704;	CRM-SP 930040
ADIL BARACAT SAMARA	CONSULTORIOS - CLINICAS - TERAPIAS	UROLOGIA	RUA DOUTOR EMILIO RIBAS 765	CAMBUI	13025141	19-32519731;19-32556731;	
CASA DE SAUDE	CONSULTORIOS - CLINICAS - TERAPIAS	UROLOGIA	PRAÇA DOUTOR TOFFOLI 28	CENTRO	13015240	19-37363400;	CRM-SP 149367
SYMCO MEDICINA	CONSULTORIOS - CLINICAS - TERAPIAS	UROLOGIA	RUA CORONEL QUIRINO 1483	CAMBUI	13025002	19-32556764;19-994715639;	
UNIDADE INTEGRADA DE UROLOGIA	CONSULTORIOS - CLINICAS - TERAPIAS	UROLOGIA	RUA DOUTOR QUIRINO 292	CENTRO	13015080	19-32376713;19-32340135;	
UROCLINICA	CONSULTORIOS - CLINICAS - TERAPIAS	UROLOGIA	AVENIDA BARAO DE ITAPURA 950	BOTAFOGO	13020431	19-32366970;19-33654220;19-33654265;	
URODERMA	CONSULTORIOS - CLINICAS - TERAPIAS	UROLOGIA	AVENIDA JOAO ERBOLATO 281	JARDIM CHAPADAO	13070070	19-32130231;19-32315014;19-32131749;	
ASM - HOSPITAL MADRE THEODORA CAMPINAS	HOSPITAIS PARA INTERNACAO	HOSPITAIS - CARDIOLOGIA	RUA JOSE GERALDO CEREBINO CHRISTOFARO 175	PARQUE RURAL FAZENDA SANTA CANDIDA	13087567	19-30032704;	CRM-SP 84458
CASA DE SAUDE	HOSPITAIS PARA INTERNACAO	HOSPITAIS - CARDIOLOGIA	PRAÇA DOUTOR TOFFOLI 28	CENTRO	13015240	19-37363400;	CRM-SP 149367
CENTRO INFANTIL DE INVEST HEMAT DR D A BOLDRINI	HOSPITAIS PARA INTERNACAO	HOSPITAIS - CARDIOLOGIA	RUA DR GABRIEL PORTO 1270	CIDADE UNIVERSITARIA	13083210	19-37875000;	
HOSPITAL E MATERNIDADE CELSO PIERRO	HOSPITAIS PARA INTERNACAO	HOSPITAIS - CARDIOLOGIA	AVENIDA JOHN BOYD DUNLOP	JARDIM PAULICEIA	13060904	19-33438600;19-31121628;	CRM-SP 89121
IRMANDADE DE SANTA CASA DE MISERICORDIA DE VALINHOS	HOSPITAIS PARA INTERNACAO	HOSPITAIS - CARDIOLOGIA	AVENIDA ONZE DE AGOSTO 2745	VILA EMBARE	13271210	19-38695111;19-38296120;19-38296699;	CRM-SP 80898
ASM - HOSPITAL MADRE THEODORA CAMPINAS	HOSPITAIS PARA INTERNACAO	HOSPITAIS - CIRURGIA CARDIACA ADULTO	RUA JOSE GERALDO CEREBINO CHRISTOFARO 175	PARQUE RURAL FAZENDA SANTA CANDIDA	13087567	19-30032704;	CRM-SP 84458
CASA DE SAUDE	HOSPITAIS PARA INTERNACAO	HOSPITAIS - CIRURGIA CARDIACA ADULTO	PRAÇA DOUTOR TOFFOLI 28	CENTRO	13015240	19-37363400;	CRM-SP 149367
IRMANDADE DE SANTA CASA DE MISERICORDIA DE VALINHOS	HOSPITAIS PARA INTERNACAO	HOSPITAIS - CIRURGIA CARDIACA ADULTO	AVENIDA ONZE DE AGOSTO 2745	VILA EMBARE	13271210	19-38695111;19-38296120;19-38296699;	CRM-SP 80898
IRMANDADE DA SANTA CASA DE VINHEDO	HOSPITAIS PARA INTERNACAO	HOSPITAIS - CIRURGIA CARDIACA PEDIATRICA	PRAÇA DR ABRHAO AUN 4705	BARRA FUNDA	13280000	19-38365750;	
ASM - HOSPITAL MADRE THEODORA CAMPINAS	HOSPITAIS PARA INTERNACAO	HOSPITAIS - CIRURGIA CRANIO MAXILO FACIAL	RUA JOSE GERALDO CEREBINO CHRISTOFARO 175	PARQUE RURAL FAZENDA SANTA CANDIDA	13087567	19-30032704;	CRM-SP 84458
CASA DE SAUDE	HOSPITAIS PARA INTERNACAO	HOSPITAIS - CIRURGIA CRANIO MAXILO FACIAL	PRAÇA DOUTOR TOFFOLI 28	CENTRO	13015240	19-37363400;	CRM-SP 149367
HOSPITAL E MATERNIDADE CELSO PIERRO	HOSPITAIS PARA INTERNACAO	HOSPITAIS - CIRURGIA CRANIO MAXILO FACIAL	AVENIDA JOHN BOYD DUNLOP	JARDIM PAULICEIA	13060904	19-33438600;19-31121628;	CRM-SP 89121
IRMANDADE DE SANTA CASA DE MISERICORDIA DE VALINHOS	HOSPITAIS PARA INTERNACAO	HOSPITAIS - CIRURGIA CRANIO MAXILO FACIAL	AVENIDA ONZE DE AGOSTO 2745	VILA EMBARE	13271210	19-38695111;19-38296120;19-38296699;	CRM-SP 80898
ASM - HOSPITAL MADRE THEODORA CAMPINAS	HOSPITAIS PARA INTERNACAO	HOSPITAIS - CIRURGIA DE CABECA E PESCOCO	RUA JOSE GERALDO CEREBINO CHRISTOFARO 175	PARQUE RURAL FAZENDA SANTA CANDIDA	13087567	19-30032704;	CRM-SP 84458
CASA DE SAUDE	HOSPITAIS PARA INTERNACAO	HOSPITAIS - CIRURGIA DE CABECA E PESCOCO	PRAÇA DOUTOR TOFFOLI 28	CENTRO	13015240	19-37363400;	CRM-SP 149367
CENTRO INFANTIL DE INVEST HEMAT DR D A BOLDRINI	HOSPITAIS PARA INTERNACAO	HOSPITAIS - CIRURGIA DE CABECA E PESCOCO	RUA DR GABRIEL PORTO 1270	CIDADE UNIVERSITARIA	13083210	19-37875000;	
HOSPITAL E MATERNIDADE CELSO PIERRO	HOSPITAIS PARA INTERNACAO	HOSPITAIS - CIRURGIA DE CABECA E PESCOCO	AVENIDA JOHN BOYD DUNLOP	JARDIM PAULICEIA	13060904	19-33438600;19-31121628;	CRM-SP 89121
IRMANDADE DA SANTA CASA DE VINHEDO	HOSPITAIS PARA INTERNACAO	HOSPITAIS - CIRURGIA DE CABECA E PESCOCO	PRAÇA DR ABRHAO AUN 4705	BARRA FUNDA	13280000	19-38365750;	
IRMANDADE DE SANTA CASA DE MISERICORDIA DE VALINHOS	HOSPITAIS PARA INTERNACAO	HOSPITAIS - CIRURGIA DE CABECA E PESCOCO	AVENIDA ONZE DE AGOSTO 2745	VILA EMBARE	13271210	19-38695111;19-38296120;19-38296699;	CRM-SP 80898
ASM - HOSPITAL MADRE THEODORA CAMPINAS	HOSPITAIS PARA INTERNACAO	HOSPITAIS - CIRURGIA DE MAMA	RUA JOSE GERALDO CEREBINO CHRISTOFARO 175	PARQUE RURAL FAZENDA SANTA CANDIDA	13087567	19-30032704;	CRM-SP 84458
CASA DE SAUDE	HOSPITAIS PARA INTERNACAO	HOSPITAIS - CIRURGIA DE MAMA	PRAÇA DOUTOR TOFFOLI 28	CENTRO	13015240	19-37363400;	CRM-SP 149367
HOSPITAL E MATERNIDADE CELSO PIERRO	HOSPITAIS PARA INTERNACAO	HOSPITAIS - CIRURGIA DE MAMA	AVENIDA JOHN BOYD DUNLOP	JARDIM PAULICEIA	13060904	19-33438600;19-31121628;	CRM-SP 89121
IRMANDADE DA SANTA CASA DE VINHEDO	HOSPITAIS PARA INTERNACAO	HOSPITAIS - CIRURGIA DE MAMA	PRAÇA DR ABRHAO AUN 4705	BARRA FUNDA	13280000	19-38365750;	
IRMANDADE DE SANTA CASA DE MISERICORDIA DE VALINHOS	HOSPITAIS PARA INTERNACAO	HOSPITAIS - CIRURGIA DE MAMA	AVENIDA ONZE DE AGOSTO 2745	VILA EMBARE	13271210	19-38695111;19-38296120;19-38296699;	CRM-SP 80898
ASM - HOSPITAL MADRE THEODORA CAMPINAS	HOSPITAIS PARA INTERNACAO	HOSPITAIS - CIRURGIA DO APARELHO DIGESTIVO	RUA JOSE GERALDO CEREBINO CHRISTOFARO 175	PARQUE RURAL FAZENDA SANTA CANDIDA	13087567	19-30032704;	CRM-SP 84458
CENTRO INFANTIL DE INVEST HEMAT DR D A BOLDRINI	HOSPITAIS PARA INTERNACAO	HOSPITAIS - CIRURGIA DO APARELHO DIGESTIVO	RUA DR GABRIEL PORTO 1270	CIDADE UNIVERSITARIA	13083210	19-37875000;	
HOSPITAL E MATERNIDADE CELSO PIERRO	HOSPITAIS PARA INTERNACAO	HOSPITAIS - CIRURGIA DO APARELHO DIGESTIVO	AVENIDA JOHN BOYD DUNLOP	JARDIM PAULICEIA	13060904	19-33438600;19-31121628;	CRM-SP 89121
IRMANDADE DA SANTA CASA DE VINHEDO	HOSPITAIS PARA INTERNACAO	HOSPITAIS - CIRURGIA DO APARELHO DIGESTIVO	PRAÇA DR ABRHAO AUN 4705	BARRA FUNDA	13280000	19-38365750;	
IRMANDADE DE SANTA CASA DE MISERICORDIA DE VALINHOS	HOSPITAIS PARA INTERNACAO	HOSPITAIS - CIRURGIA DO APARELHO DIGESTIVO	AVENIDA ONZE DE AGOSTO 2745	VILA EMBARE	13271210	19-38695111;19-38296120;19-38296699;	CRM-SP 80898
CENTRO INFANTIL DE INVEST HEMAT DR D A BOLDRINI	HOSPITAIS PARA INTERNACAO	HOSPITAIS - CIRURGIA GINECOLOGICA	RUA DR GABRIEL PORTO 1270	CIDADE UNIVERSITARIA	13083210	19-37875000;	
ASM - HOSPITAL MADRE THEODORA CAMPINAS	HOSPITAIS PARA INTERNACAO	HOSPITAIS - CIRURGIA ORTOPEDICA	RUA JOSE GERALDO CEREBINO CHRISTOFARO 175	PARQUE RURAL FAZENDA SANTA CANDIDA	13087567	19-30032704;	CRM-SP 84458
CENTRO INFANTIL DE INVEST HEMAT DR D A BOLDRINI	HOSPITAIS PARA INTERNACAO	HOSPITAIS - CIRURGIA ORTOPEDICA	RUA DR GABRIEL PORTO 1270	CIDADE UNIVERSITARIA	13083210	19-37875000;	
HOSPITAL E MATERNIDADE CELSO PIERRO	HOSPITAIS PARA INTERNACAO	HOSPITAIS - CIRURGIA ORTOPEDICA	AVENIDA JOHN BOYD DUNLOP	JARDIM PAULICEIA	13060904	19-33438600;19-31121628;	CRM-SP 89121
IRMANDADE DE SANTA CASA DE MISERICORDIA DE VALINHOS	HOSPITAIS PARA INTERNACAO	HOSPITAIS - CIRURGIA ORTOPEDICA	AVENIDA ONZE DE AGOSTO 2745	VILA EMBARE	13271210	19-38695111;19-38296120;19-38296699;	CRM-SP 80898
ASM - HOSPITAL MADRE THEODORA CAMPINAS	HOSPITAIS PARA INTERNACAO	HOSPITAIS - CIRURGIA PEDIATRICA	RUA JOSE GERALDO CEREBINO CHRISTOFARO 175	PARQUE RURAL FAZENDA SANTA CANDIDA	13087567	19-30032704;	CRM-SP 84458
CASA DE SAUDE	HOSPITAIS PARA INTERNACAO	HOSPITAIS - CIRURGIA PEDIATRICA	PRAÇA DOUTOR TOFFOLI 28	CENTRO	13015240	19-37363400;	CRM-SP 149367
HOSPITAL E MATERNIDADE CELSO PIERRO	HOSPITAIS PARA INTERNACAO	HOSPITAIS - CIRURGIA PEDIATRICA	AVENIDA JOHN BOYD DUNLOP	JARDIM PAULICEIA	13060904	19-33438600;19-31121628;	CRM-SP 89121
IRMANDADE DA SANTA CASA DE VINHEDO	HOSPITAIS PARA INTERNACAO	HOSPITAIS - CIRURGIA PEDIATRICA	PRAÇA DR ABRHAO AUN 4705	BARRA FUNDA	13280000	19-38365750;	
IRMANDADE DE SANTA CASA DE MISERICORDIA DE VALINHOS	HOSPITAIS PARA INTERNACAO	HOSPITAIS - CIRURGIA PEDIATRICA	AVENIDA ONZE DE AGOSTO 2745	VILA EMBARE	13271210	19-38695111;19-38296120;19-38296699;	CRM-SP 80898
ASM - HOSPITAL MADRE THEODORA CAMPINAS	HOSPITAIS PARA INTERNACAO	HOSPITAIS - CIRURGIA PLASTICA REPARADORA	RUA JOSE GERALDO CEREBINO CHRISTOFARO 175	PARQUE RURAL FAZENDA SANTA CANDIDA	13087567	19-30032704;	CRM-SP 84458
CASA DE SAUDE	HOSPITAIS PARA INTERNACAO	HOSPITAIS - CIRURGIA PLASTICA REPARADORA	PRAÇA DOUTOR TOFFOLI 28	CENTRO	13015240	19-37363400;	CRM-SP 149367
CENTRO INFANTIL DE INVEST HEMAT DR D A BOLDRINI	HOSPITAIS PARA INTERNACAO	HOSPITAIS - CIRURGIA PLASTICA REPARADORA	RUA DR GABRIEL PORTO 1270	CIDADE UNIVERSITARIA	13083210	19-37875000;	
HOSPITAL E MATERNIDADE CELSO PIERRO	HOSPITAIS PARA INTERNACAO	HOSPITAIS - CIRURGIA PLASTICA REPARADORA	AVENIDA JOHN BOYD DUNLOP	JARDIM PAULICEIA	13060904	19-33438600;19-31121628;	CRM-SP 89121
IRMANDADE DA SANTA CASA DE VINHEDO	HOSPITAIS PARA INTERNACAO	HOSPITAIS - CIRURGIA PLASTICA REPARADORA	PRAÇA DR ABRHAO AUN 4705	BARRA FUNDA	13280000	19-38365750;	
IRMANDADE DE SANTA CASA DE MISERICORDIA DE VALINHOS	HOSPITAIS PARA INTERNACAO	HOSPITAIS - CIRURGIA PLASTICA REPARADORA	AVENIDA ONZE DE AGOSTO 2745	VILA EMBARE	13271210	19-38695111;19-38296120;19-38296699;	CRM-SP 80898
ASM - HOSPITAL MADRE THEODORA CAMPINAS	HOSPITAIS PARA INTERNACAO	HOSPITAIS - CIRURGIA VASCULAR	RUA JOSE GERALDO CEREBINO CHRISTOFARO 175	PARQUE RURAL FAZENDA SANTA CANDIDA	13087567	19-30032704;	CRM-SP 84458
CASA DE SAUDE	HOSPITAIS PARA INTERNACAO	HOSPITAIS - CIRURGIA VASCULAR	PRAÇA DOUTOR TOFFOLI 28	CENTRO	13015240	19-37363400;	CRM-SP 149367
HOSPITAL E MATERNIDADE CELSO PIERRO	HOSPITAIS PARA INTERNACAO	HOSPITAIS - CIRURGIA VASCULAR	AVENIDA JOHN BOYD DUNLOP	JARDIM PAULICEIA	13060904	19-33438600;19-31121628;	CRM-SP 89121
IRMANDADE DA SANTA CASA DE VINHEDO	HOSPITAIS PARA INTERNACAO	HOSPITAIS - CIRURGIA VASCULAR	PRAÇA DR ABRHAO AUN 4705	BARRA FUNDA	13280000	19-38365750;	
IRMANDADE DE SANTA CASA DE MISERICORDIA DE VALINHOS	HOSPITAIS PARA INTERNACAO	HOSPITAIS - CIRURGIA VASCULAR	AVENIDA ONZE DE AGOSTO 2745	VILA EMBARE	13271210	19-38695111;19-38296120;19-38296699;	CRM-SP 80898
ASM - HOSPITAL MADRE THEODORA CAMPINAS	HOSPITAIS PARA INTERNACAO	HOSPITAIS - NEUROCIRURGIA	RUA JOSE GERALDO CEREBINO CHRISTOFARO 175	PARQUE RURAL FAZENDA SANTA CANDIDA	13087567	19-30032704;	CRM-SP 84458
CASA DE SAUDE	HOSPITAIS PARA INTERNACAO	HOSPITAIS - NEUROCIRURGIA	PRAÇA DOUTOR TOFFOLI 28	CENTRO	13015240	19-37363400;	CRM-SP 149367
CENTRO INFANTIL DE INVEST HEMAT DR D A BOLDRINI	HOSPITAIS PARA INTERNACAO	HOSPITAIS - NEUROCIRURGIA	RUA DR GABRIEL PORTO 1270	CIDADE UNIVERSITARIA	13083210	19-37875000;	
HOSPITAL E MATERNIDADE CELSO PIERRO	HOSPITAIS PARA INTERNACAO	HOSPITAIS - NEUROCIRURGIA	AVENIDA JOHN BOYD DUNLOP	JARDIM PAULICEIA	13060904	19-33438600;19-31121628;	CRM-SP 89121
IRMANDADE DE SANTA CASA DE MISERICORDIA DE VALINHOS	HOSPITAIS PARA INTERNACAO	HOSPITAIS - NEUROCIRURGIA	AVENIDA ONZE DE AGOSTO 2745	VILA EMBARE	13271210	19-38695111;19-38296120;19-38296699;	CRM-SP 80898
ASM - HOSPITAL MADRE THEODORA CAMPINAS	HOSPITAIS PARA INTERNACAO	HOSPITAIS - NEUROCIRURGIA PEDIATRICA	RUA JOSE GERALDO CEREBINO CHRISTOFARO 175	PARQUE RURAL FAZENDA SANTA CANDIDA	13087567	19-30032704;	CRM-SP 84458
HOSPITAL E MATERNIDADE CELSO PIERRO	HOSPITAIS PARA INTERNACAO	HOSPITAIS - NEUROCIRURGIA PEDIATRICA	AVENIDA JOHN BOYD DUNLOP	JARDIM PAULICEIA	13060904	19-33438600;19-31121628;	CRM-SP 89121
ASM - HOSPITAL MADRE THEODORA CAMPINAS	HOSPITAIS PARA INTERNACAO	HOSPITAIS - OFTALMOLOGIA	RUA JOSE GERALDO CEREBINO CHRISTOFARO 175	PARQUE RURAL FAZENDA SANTA CANDIDA	13087567	19-30032704;	CRM-SP 84458
CENTRO INFANTIL DE INVEST HEMAT DR D A BOLDRINI	HOSPITAIS PARA INTERNACAO	HOSPITAIS - OFTALMOLOGIA	RUA DR GABRIEL PORTO 1270	CIDADE UNIVERSITARIA	13083210	19-37875000;	
CLINICA DE OLHOS S RASKIN	HOSPITAIS PARA INTERNACAO	HOSPITAIS - OFTALMOLOGIA	AVENIDA BARAO DE ITAPURA 1050	BOTAFOGO	13020432	19-37373131;	
HOSPITAL E MATERNIDADE CELSO PIERRO	HOSPITAIS PARA INTERNACAO	HOSPITAIS - OFTALMOLOGIA	AVENIDA JOHN BOYD DUNLOP	JARDIM PAULICEIA	13060904	19-33438600;19-31121628;	CRM-SP 89121
IRMANDADE DA SANTA CASA DE VINHEDO	HOSPITAIS PARA INTERNACAO	HOSPITAIS - OFTALMOLOGIA	PRAÇA DR ABRHAO AUN 4705	BARRA FUNDA	13280000	19-38365750;	
IRMANDADE DE SANTA CASA DE MISERICORDIA DE VALINHOS	HOSPITAIS PARA INTERNACAO	HOSPITAIS - OFTALMOLOGIA	AVENIDA ONZE DE AGOSTO 2745	VILA EMBARE	13271210	19-38695111;19-38296120;19-38296699;	CRM-SP 80898
ASM - HOSPITAL MADRE THEODORA CAMPINAS	HOSPITAIS PARA INTERNACAO	HOSPITAIS - ONCOLOGIA	RUA JOSE GERALDO CEREBINO CHRISTOFARO 175	PARQUE RURAL FAZENDA SANTA CANDIDA	13087567	19-30032704;	CRM-SP 84458
CASA DE SAUDE	HOSPITAIS PARA INTERNACAO	HOSPITAIS - ONCOLOGIA	PRAÇA DOUTOR TOFFOLI 28	CENTRO	13015240	19-37363400;	CRM-SP 149367
CENTRO INFANTIL DE INVEST HEMAT DR D A BOLDRINI	HOSPITAIS PARA INTERNACAO	HOSPITAIS - ONCOLOGIA	RUA DR GABRIEL PORTO 1270	CIDADE UNIVERSITARIA	13083210	19-37875000;	
HOSPITAL E MATERNIDADE CELSO PIERRO	HOSPITAIS PARA INTERNACAO	HOSPITAIS - ONCOLOGIA	AVENIDA JOHN BOYD DUNLOP	JARDIM PAULICEIA	13060904	19-33438600;19-31121628;	CRM-SP 89121
IRMANDADE DE SANTA CASA DE MISERICORDIA DE VALINHOS	HOSPITAIS PARA INTERNACAO	HOSPITAIS - ONCOLOGIA	AVENIDA ONZE DE AGOSTO 2745	VILA EMBARE	13271210	19-38695111;19-38296120;19-38296699;	CRM-SP 80898
ASM - HOSPITAL MADRE THEODORA CAMPINAS	HOSPITAIS PARA INTERNACAO	HOSPITAIS - OTORRINOLARINGOLOGIA	RUA JOSE GERALDO CEREBINO CHRISTOFARO 175	PARQUE RURAL FAZENDA SANTA CANDIDA	13087567	19-30032704;	CRM-SP 84458
CASA DE SAUDE	HOSPITAIS PARA INTERNACAO	HOSPITAIS - OTORRINOLARINGOLOGIA	PRAÇA DOUTOR TOFFOLI 28	CENTRO	13015240	19-37363400;	CRM-SP 149367
CENTRO INFANTIL DE INVEST HEMAT DR D A BOLDRINI	HOSPITAIS PARA INTERNACAO	HOSPITAIS - OTORRINOLARINGOLOGIA	RUA DR GABRIEL PORTO 1270	CIDADE UNIVERSITARIA	13083210	19-37875000;	
HOSPITAL E MATERNIDADE CELSO PIERRO	HOSPITAIS PARA INTERNACAO	HOSPITAIS - OTORRINOLARINGOLOGIA	AVENIDA JOHN BOYD DUNLOP	JARDIM PAULICEIA	13060904	19-33438600;19-31121628;	CRM-SP 89121
IRMANDADE DA SANTA CASA DE VINHEDO	HOSPITAIS PARA INTERNACAO	HOSPITAIS - OTORRINOLARINGOLOGIA	PRAÇA DR ABRHAO AUN 4705	BARRA FUNDA	13280000	19-38365750;	
IRMANDADE DE SANTA CASA DE MISERICORDIA DE VALINHOS	HOSPITAIS PARA INTERNACAO	HOSPITAIS - OTORRINOLARINGOLOGIA	AVENIDA ONZE DE AGOSTO 2745	VILA EMBARE	13271210	19-38695111;19-38296120;19-38296699;	CRM-SP 80898
ASM - HOSPITAL MADRE THEODORA CAMPINAS	HOSPITAIS PARA INTERNACAO	HOSPITAIS - PEDIATRIA	RUA JOSE GERALDO CEREBINO CHRISTOFARO 175	PARQUE RURAL FAZENDA SANTA CANDIDA	13087567	19-30032704;	CRM-SP 84458
CASA DE SAUDE	HOSPITAIS PARA INTERNACAO	HOSPITAIS - PEDIATRIA	PRAÇA DOUTOR TOFFOLI 28	CENTRO	13015240	19-37363400;	CRM-SP 149367
CENTRO INFANTIL DE INVEST HEMAT DR D A BOLDRINI	HOSPITAIS PARA INTERNACAO	HOSPITAIS - PEDIATRIA	RUA DR GABRIEL PORTO 1270	CIDADE UNIVERSITARIA	13083210	19-37875000;	
HOSPITAL E MATERNIDADE CELSO PIERRO	HOSPITAIS PARA INTERNACAO	HOSPITAIS - PEDIATRIA	AVENIDA JOHN BOYD DUNLOP	JARDIM PAULICEIA	13060904	19-33438600;19-31121628;	CRM-SP 89121
IRMANDADE DA SANTA CASA DE VINHEDO	HOSPITAIS PARA INTERNACAO	HOSPITAIS - PEDIATRIA	PRAÇA DR ABRHAO AUN 4705	BARRA FUNDA	13280000	19-38365750;	
IRMANDADE DE SANTA CASA DE MISERICORDIA DE VALINHOS	HOSPITAIS PARA INTERNACAO	HOSPITAIS - PEDIATRIA	AVENIDA ONZE DE AGOSTO 2745	VILA EMBARE	13271210	19-38695111;19-38296120;19-38296699;	CRM-SP 80898
CENTRO INFANTIL DE INVEST HEMAT DR D A BOLDRINI	HOSPITAIS PARA INTERNACAO	HOSPITAIS - PSIQUIATRIA	RUA DR GABRIEL PORTO 1270	CIDADE UNIVERSITARIA	13083210	19-37875000;	
ASM - HOSPITAL MADRE THEODORA CAMPINAS	HOSPITAIS PARA INTERNACAO	HOSPITAIS - UROLOGIA	RUA JOSE GERALDO CEREBINO CHRISTOFARO 175	PARQUE RURAL FAZENDA SANTA CANDIDA	13087567	19-30032704;	CRM-SP 84458
CASA DE SAUDE	HOSPITAIS PARA INTERNACAO	HOSPITAIS - UROLOGIA	PRAÇA DOUTOR TOFFOLI 28	CENTRO	13015240	19-37363400;	CRM-SP 149367
CENTRO INFANTIL DE INVEST HEMAT DR D A BOLDRINI	HOSPITAIS PARA INTERNACAO	HOSPITAIS - UROLOGIA	RUA DR GABRIEL PORTO 1270	CIDADE UNIVERSITARIA	13083210	19-37875000;	
HOSPITAL E MATERNIDADE CELSO PIERRO	HOSPITAIS PARA INTERNACAO	HOSPITAIS - UROLOGIA	AVENIDA JOHN BOYD DUNLOP	JARDIM PAULICEIA	13060904	19-33438600;19-31121628;	CRM-SP 89121
IRMANDADE DA SANTA CASA DE VINHEDO	HOSPITAIS PARA INTERNACAO	HOSPITAIS - UROLOGIA	PRAÇA DR ABRHAO AUN 4705	BARRA FUNDA	13280000	19-38365750;	
IRMANDADE DE SANTA CASA DE MISERICORDIA DE VALINHOS	HOSPITAIS PARA INTERNACAO	HOSPITAIS - UROLOGIA	AVENIDA ONZE DE AGOSTO 2745	VILA EMBARE	13271210	19-38695111;19-38296120;19-38296699;	CRM-SP 80898
ASM - HOSPITAL MADRE THEODORA CAMPINAS	HOSPITAIS PARA INTERNACAO	HOSPITAIS GERAIS	RUA JOSE GERALDO CEREBINO CHRISTOFARO 175	PARQUE RURAL FAZENDA SANTA CANDIDA	13087567	19-30032704;	CRM-SP 84458
CASA DE SAUDE	HOSPITAIS PARA INTERNACAO	HOSPITAIS GERAIS	PRAÇA DOUTOR TOFFOLI 28	CENTRO	13015240	19-37363400;	CRM-SP 149367
HOSPITAL E MATERNIDADE CELSO PIERRO	HOSPITAIS PARA INTERNACAO	HOSPITAIS GERAIS	AVENIDA JOHN BOYD DUNLOP	JARDIM PAULICEIA	13060904	19-33438600;19-31121628;	CRM-SP 89121
IRMANDADE DA SANTA CASA DE VINHEDO	HOSPITAIS PARA INTERNACAO	HOSPITAIS GERAIS	PRAÇA DR ABRHAO AUN 4705	BARRA FUNDA	13280000	19-38365750;	
IRMANDADE DE SANTA CASA DE MISERICORDIA DE VALINHOS	HOSPITAIS PARA INTERNACAO	HOSPITAIS GERAIS	AVENIDA ONZE DE AGOSTO 2745	VILA EMBARE	13271210	19-38695111;19-38296120;19-38296699;	CRM-SP 80898
ASM - HOSPITAL MADRE THEODORA CAMPINAS	HOSPITAIS PARA INTERNACAO	MATERNIDADES	RUA JOSE GERALDO CEREBINO CHRISTOFARO 175	PARQUE RURAL FAZENDA SANTA CANDIDA	13087567	19-30032704;	CRM-SP 84458
CASA DE SAUDE	HOSPITAIS PARA INTERNACAO	MATERNIDADES	PRAÇA DOUTOR TOFFOLI 28	CENTRO	13015240	19-37363400;	CRM-SP 149367
HOSPITAL E MATERNIDADE CELSO PIERRO	HOSPITAIS PARA INTERNACAO	MATERNIDADES	AVENIDA JOHN BOYD DUNLOP	JARDIM PAULICEIA	13060904	19-33438600;19-31121628;	CRM-SP 89121
IRMANDADE DA SANTA CASA DE VINHEDO	HOSPITAIS PARA INTERNACAO	MATERNIDADES	PRAÇA DR ABRHAO AUN 4705	BARRA FUNDA	13280000	19-38365750;	
IRMANDADE DE SANTA CASA DE MISERICORDIA DE VALINHOS	HOSPITAIS PARA INTERNACAO	MATERNIDADES	AVENIDA ONZE DE AGOSTO 2745	VILA EMBARE	13271210	19-38695111;19-38296120;19-38296699;	CRM-SP 80898
ASM - HOSPITAL MADRE THEODORA CAMPINAS	PRONTO-SOCORRO 24H (URGENCIA E EMERGENCIA)	PRONTO SOCORRO ADULTO	RUA JOSE GERALDO CEREBINO CHRISTOFARO 175	PARQUE RURAL FAZENDA SANTA CANDIDA	13087567	19-30032704;	CRM-SP 84458
CASA DE SAUDE	PRONTO-SOCORRO 24H (URGENCIA E EMERGENCIA)	PRONTO SOCORRO ADULTO	PRAÇA DOUTOR TOFFOLI 28	CENTRO	13015240	19-37363400;	CRM-SP 149367
CENTRO INFANTIL DE INVEST HEMAT DR D A BOLDRINI	PRONTO-SOCORRO 24H (URGENCIA E EMERGENCIA)	PRONTO SOCORRO ADULTO	RUA DR GABRIEL PORTO 1270	CIDADE UNIVERSITARIA	13083210	19-37875000;	
HOSPITAL E MATERNIDADE CELSO PIERRO	PRONTO-SOCORRO 24H (URGENCIA E EMERGENCIA)	PRONTO SOCORRO ADULTO	AVENIDA JOHN BOYD DUNLOP	JARDIM PAULICEIA	13060904	19-33438600;19-31121628;	CRM-SP 89121
IRMANDADE DA SANTA CASA DE VINHEDO	PRONTO-SOCORRO 24H (URGENCIA E EMERGENCIA)	PRONTO SOCORRO ADULTO	PRAÇA DR ABRHAO AUN 4705	BARRA FUNDA	13280000	19-38365750;	
IRMANDADE DE SANTA CASA DE MISERICORDIA DE VALINHOS	PRONTO-SOCORRO 24H (URGENCIA E EMERGENCIA)	PRONTO SOCORRO ADULTO	AVENIDA ONZE DE AGOSTO 2745	VILA EMBARE	13271210	19-38695111;19-38296120;19-38296699;	CRM-SP 80898
CASA DE SAUDE	PRONTO-SOCORRO 24H (URGENCIA E EMERGENCIA)	PRONTO SOCORRO CARDIOLOGICO	PRAÇA DOUTOR TOFFOLI 28	CENTRO	13015240	19-37363400;	CRM-SP 149367
ASM - HOSPITAL MADRE THEODORA CAMPINAS	PRONTO-SOCORRO 24H (URGENCIA E EMERGENCIA)	PRONTO SOCORRO GINECOLOGICO	RUA JOSE GERALDO CEREBINO CHRISTOFARO 175	PARQUE RURAL FAZENDA SANTA CANDIDA	13087567	19-30032704;	CRM-SP 84458
CASA DE SAUDE	PRONTO-SOCORRO 24H (URGENCIA E EMERGENCIA)	PRONTO SOCORRO GINECOLOGICO	PRAÇA DOUTOR TOFFOLI 28	CENTRO	13015240	19-37363400;	CRM-SP 149367
HOSPITAL E MATERNIDADE CELSO PIERRO	PRONTO-SOCORRO 24H (URGENCIA E EMERGENCIA)	PRONTO SOCORRO GINECOLOGICO	AVENIDA JOHN BOYD DUNLOP	JARDIM PAULICEIA	13060904	19-33438600;19-31121628;	CRM-SP 89121
IRMANDADE DA SANTA CASA DE VINHEDO	PRONTO-SOCORRO 24H (URGENCIA E EMERGENCIA)	PRONTO SOCORRO GINECOLOGICO	PRAÇA DR ABRHAO AUN 4705	BARRA FUNDA	13280000	19-38365750;	
ASM - HOSPITAL MADRE THEODORA CAMPINAS	PRONTO-SOCORRO 24H (URGENCIA E EMERGENCIA)	PRONTO SOCORRO INFANTIL (PEDIATRICO)	RUA JOSE GERALDO CEREBINO CHRISTOFARO 175	PARQUE RURAL FAZENDA SANTA CANDIDA	13087567	19-30032704;	CRM-SP 84458
CASA DE SAUDE	PRONTO-SOCORRO 24H (URGENCIA E EMERGENCIA)	PRONTO SOCORRO INFANTIL (PEDIATRICO)	PRAÇA DOUTOR TOFFOLI 28	CENTRO	13015240	19-37363400;	CRM-SP 149367
CENTRO INFANTIL DE INVEST HEMAT DR D A BOLDRINI	PRONTO-SOCORRO 24H (URGENCIA E EMERGENCIA)	PRONTO SOCORRO INFANTIL (PEDIATRICO)	RUA DR GABRIEL PORTO 1270	CIDADE UNIVERSITARIA	13083210	19-37875000;	
HOSPITAL E MATERNIDADE CELSO PIERRO	PRONTO-SOCORRO 24H (URGENCIA E EMERGENCIA)	PRONTO SOCORRO INFANTIL (PEDIATRICO)	AVENIDA JOHN BOYD DUNLOP	JARDIM PAULICEIA	13060904	19-33438600;19-31121628;	CRM-SP 89121
IRMANDADE DA SANTA CASA DE VINHEDO	PRONTO-SOCORRO 24H (URGENCIA E EMERGENCIA)	PRONTO SOCORRO INFANTIL (PEDIATRICO)	PRAÇA DR ABRHAO AUN 4705	BARRA FUNDA	13280000	19-38365750;	
ASM - HOSPITAL MADRE THEODORA CAMPINAS	PRONTO-SOCORRO 24H (URGENCIA E EMERGENCIA)	PRONTO SOCORRO OBSTETRICO	RUA JOSE GERALDO CEREBINO CHRISTOFARO 175	PARQUE RURAL FAZENDA SANTA CANDIDA	13087567	19-30032704;	CRM-SP 84458
CASA DE SAUDE	PRONTO-SOCORRO 24H (URGENCIA E EMERGENCIA)	PRONTO SOCORRO OBSTETRICO	PRAÇA DOUTOR TOFFOLI 28	CENTRO	13015240	19-37363400;	CRM-SP 149367
HOSPITAL E MATERNIDADE CELSO PIERRO	PRONTO-SOCORRO 24H (URGENCIA E EMERGENCIA)	PRONTO SOCORRO OBSTETRICO	AVENIDA JOHN BOYD DUNLOP	JARDIM PAULICEIA	13060904	19-33438600;19-31121628;	CRM-SP 89121
IRMANDADE DA SANTA CASA DE VINHEDO	PRONTO-SOCORRO 24H (URGENCIA E EMERGENCIA)	PRONTO SOCORRO OBSTETRICO	PRAÇA DR ABRHAO AUN 4705	BARRA FUNDA	13280000	19-38365750;	
CLINICA DE OLHOS S RASKIN	PRONTO-SOCORRO 24H (URGENCIA E EMERGENCIA)	PRONTO SOCORRO OFTALMOLOGICO	AVENIDA BARAO DE ITAPURA 1050	BOTAFOGO	13020432	19-37373131;	
CASA DE SAUDE	PRONTO-SOCORRO 24H (URGENCIA E EMERGENCIA)	PRONTO SOCORRO ONCOLOGICO	PRAÇA DOUTOR TOFFOLI 28	CENTRO	13015240	19-37363400;	CRM-SP 149367
ASM - HOSPITAL MADRE THEODORA CAMPINAS	PRONTO-SOCORRO 24H (URGENCIA E EMERGENCIA)	PRONTO SOCORRO ORTOPEDICO	RUA JOSE GERALDO CEREBINO CHRISTOFARO 175	PARQUE RURAL FAZENDA SANTA CANDIDA	13087567	19-30032704;	CRM-SP 84458
HOSPITAL E MATERNIDADE CELSO PIERRO	PRONTO-SOCORRO 24H (URGENCIA E EMERGENCIA)	PRONTO SOCORRO ORTOPEDICO	AVENIDA JOHN BOYD DUNLOP	JARDIM PAULICEIA	13060904	19-33438600;19-31121628;	CRM-SP 89121
CASA DE SAUDE	PRONTO-SOCORRO 24H (URGENCIA E EMERGENCIA)	PRONTO SOCORRO OTORRINOLARINGOLOGICO	PRAÇA DOUTOR TOFFOLI 28	CENTRO	13015240	19-37363400;	CRM-SP 149367
CASA DE SAUDE	PRONTO-SOCORRO 24H (URGENCIA E EMERGENCIA)	PRONTO SOCORRO TRAUMAS DA FACE	PRAÇA DOUTOR TOFFOLI 28	CENTRO	13015240	19-37363400;	CRM-SP 149367
ASM - HOSPITAL MADRE THEODORA CAMPINAS	HEMODIALISE	HEMODIALISE	RUA JOSE GERALDO CEREBINO CHRISTOFARO 175	PARQUE RURAL FAZENDA SANTA CANDIDA	13087567	19-30032704;	CRM-SP 84458
ASM - UNIDADE AVANCADA MADRE THEODORA	HEMODIALISE	HEMODIALISE	AVENIDA DOUTOR MORAES SALLES 2371	NOVA CAMPINAS	13092111	19-30032704;	CRM-SP 930040
CASA DE SAUDE	HEMODIALISE	HEMODIALISE	PRAÇA DOUTOR TOFFOLI 28	CENTRO	13015240	19-37363400;	CRM-SP 149367
HOSPITAL E MATERNIDADE CELSO PIERRO	HEMODIALISE	HEMODIALISE	AVENIDA JOHN BOYD DUNLOP	JARDIM PAULICEIA	13060904	19-33438600;19-31121628;	CRM-SP 89121
NEFROCAMP NEFROLOGISTAS ASSOCIADOS	HEMODIALISE	HEMODIALISE	RUA BARBOSA DA CUNHA 603	JARDIM GUANABARA	13073320	19-32120379;19-32430543;	CRM-SP 89089
CETE CENTRO ESP DE TERAPIA E ESTIM	TEA	TEA FONOAUDIOLOGIA	AVENIDA FRANCISCO JOSE DE CAMARGO ANDRADE 358	JARDIM CHAPADAO	13070055	19-32416050;19-33427730;	
ESPACO BAMBINI	TEA	TEA FONOAUDIOLOGIA	AVENIDA DERMIVAL BERNARDES SIQUEIRA 3276	SWISS PARK	13049252	19-983139019;	CRFA-SP 75927
O MUNDO EM LINGUAGEM CLINICA MULTIDISCIPLINAR LTDA	TEA	TEA FONOAUDIOLOGIA	AVENIDA DOUTOR HEITOR PENTEADO 1785	PARQUE TAQUARAL	13087000	19-32396345;	CRFA-SP 12440
FONOSAUDE	TEA	TEA FONOAUDIOLOGIA	AVENIDA TENENTE HARALDO EGIDIO DE SOUZA SANTOS 791	JARDIM CHAPADAO	13070160	19-32411234;19-998422624;	CRFA-SP 04811
CETE CENTRO ESP DE TERAPIA E ESTIM	TEA	TEA PSICOLOGIA	AVENIDA FRANCISCO JOSE DE CAMARGO ANDRADE 358	JARDIM CHAPADAO	13070055	19-32416050;19-33427730;	
ESPACO BAMBINI	TEA	TEA PSICOLOGIA	AVENIDA DERMIVAL BERNARDES SIQUEIRA 3276	SWISS PARK	13049252	19-983139019;	CRFA-SP 75927
O MUNDO EM LINGUAGEM CLINICA MULTIDISCIPLINAR LTDA	TEA	TEA PSICOLOGIA	AVENIDA DOUTOR HEITOR PENTEADO 1785	PARQUE TAQUARAL	13087000	19-32396345;	CRFA-SP 12440
FONOSAUDE	TEA	TEA PSICOLOGIA	AVENIDA TENENTE HARALDO EGIDIO DE SOUZA SANTOS 791	JARDIM CHAPADAO	13070160	19-32411234;19-998422624;	CRFA-SP 04811
CETE CENTRO ESP DE TERAPIA E ESTIM	TEA	TEA TERAPIA OCUPACIONAL	AVENIDA FRANCISCO JOSE DE CAMARGO ANDRADE 358	JARDIM CHAPADAO	13070055	19-32416050;19-33427730;	
ESPACO BAMBINI	TEA	TEA TERAPIA OCUPACIONAL	AVENIDA DERMIVAL BERNARDES SIQUEIRA 3276	SWISS PARK	13049252	19-983139019;	CRFA-SP 75927
O MUNDO EM LINGUAGEM CLINICA MULTIDISCIPLINAR LTDA	TEA	TEA TERAPIA OCUPACIONAL	AVENIDA DOUTOR HEITOR PENTEADO 1785	PARQUE TAQUARAL	13087000	19-32396345;	CRFA-SP 12440
ASM - HOSPITAL MADRE THEODORA CAMPINAS	LABORATORIOS E EXAMES	ANALISES CLINICAS	RUA JOSE GERALDO CEREBINO CHRISTOFARO 175	PARQUE RURAL FAZENDA SANTA CANDIDA	13087567	19-30032704;	CRM-SP 84458
ASM - UNIDADE AVANCADA MADRE THEODORA	LABORATORIOS E EXAMES	ANALISES CLINICAS	AVENIDA DOUTOR MORAES SALLES 2371	NOVA CAMPINAS	13092111	19-30032704;	CRM-SP 930040
CONFIANCE MEDICINA DIAGNOSTICA	LABORATORIOS E EXAMES	ANALISES CLINICAS	AVENIDA WASHINGTON LUIS 1823	VILA MARIETA	13042105	19-37273393;	CRM-SP 54788
DMS BURNIER	LABORATORIOS E EXAMES	ANALISES CLINICAS	RUA JOAO PREVITALLE 2151	SANTA CRUZ	13272400		CRM-SP 935267
HOSPITAL E MATERNIDADE CELSO PIERRO	LABORATORIOS E EXAMES	ANALISES CLINICAS	AVENIDA JOHN BOYD DUNLOP	JARDIM PAULICEIA	13060904	19-33438600;19-31121628;	CRM-SP 89121
LABI EXAMES	LABORATORIOS E EXAMES	ANALISES CLINICAS	AVENIDA FRANCISCO GLICERIO 654	CENTRO	13012100		CRF-SP 85785
ASM - HOSPITAL MADRE THEODORA CAMPINAS	LABORATORIOS E EXAMES	RADIOLOGIA	RUA JOSE GERALDO CEREBINO CHRISTOFARO 175	PARQUE RURAL FAZENDA SANTA CANDIDA	13087567	19-30032704;	CRM-SP 84458
ASM - UNIDADE AVANCADA MADRE THEODORA	LABORATORIOS E EXAMES	RADIOLOGIA	AVENIDA DOUTOR MORAES SALLES 2371	NOVA CAMPINAS	13092111	19-30032704;	CRM-SP 930040
CEMEDI	LABORATORIOS E EXAMES	RADIOLOGIA	AVENIDA BARAO DE ITAPURA 685	BOTAFOGO	13020432	19-35171700;	CRM-SP 96884
CENTRO INFANTIL DE INVEST HEMAT DR D A BOLDRINI	LABORATORIOS E EXAMES	RADIOLOGIA	RUA DR GABRIEL PORTO 1270	CIDADE UNIVERSITARIA	13083210	19-37875000;	
DIAGMED CAMPINAS	LABORATORIOS E EXAMES	RADIOLOGIA	AVENIDA BRASIL 884	JARDIM GUANABARA	13073012	19-37435000;19-26602092;	CRM-SP 56988
HOSPITAL E MATERNIDADE CELSO PIERRO	LABORATORIOS E EXAMES	RADIOLOGIA	AVENIDA JOHN BOYD DUNLOP	JARDIM PAULICEIA	13060904	19-33438600;19-31121628;	CRM-SP 89121
RCC RADIOLOGIA CLINICA DE CAMPINAS	LABORATORIOS E EXAMES	RADIOLOGIA	AVENIDA JOSE DE SOUZA CAMPOS 840	NOVA CAMPINAS	13092123	19-37535700;	
ASM - UNIDADE AVANCADA MADRE THEODORA	LABORATORIOS E EXAMES	ANATOMIA PATOLOGICA	AVENIDA DOUTOR MORAES SALLES 2371	NOVA CAMPINAS	13092111	19-30032704;	CRM-SP 930040
ASM - HOSPITAL MADRE THEODORA CAMPINAS	LABORATORIOS E EXAMES	ANATOMIA PATOLOGICA	RUA JOSE GERALDO CEREBINO CHRISTOFARO 175	PARQUE RURAL FAZENDA SANTA CANDIDA	13087567	19-30032704;	CRM-SP 84458
HISTOLAB ANATOMIA PATOLOGICA	LABORATORIOS E EXAMES	ANATOMIA PATOLOGICA	RUA PRACA DR ABRAHAO AUN 4705	CENTRO	13280000	19-35221180;19-35240646;	
HOSPITAL E MATERNIDADE CELSO PIERRO	LABORATORIOS E EXAMES	ANATOMIA PATOLOGICA	AVENIDA JOHN BOYD DUNLOP	JARDIM PAULICEIA	13060904	19-33438600;19-31121628;	CRM-SP 89121
MPAT  MULTIPAT - LAB. ANAT. PAT. E CITOLOGIA	LABORATORIOS E EXAMES	ANATOMIA PATOLOGICA	AVENIDA PROFESSORA ANA MARIA SILVESTRE ADADE 407	PARQUE DAS UNIVERSIDADES	13086130	19-32563797;19-32360111;	CRM-SP 40125
PC & C	LABORATORIOS E EXAMES	ANATOMIA PATOLOGICA	RUA SANTA CRUZ 175	CAMBUI	13024100	19-32311036;19-32527393;	
CENTRO INFANTIL DE INVEST HEMAT DR D A BOLDRINI	LABORATORIOS E EXAMES	MEDICINA NUCLEAR	RUA DR GABRIEL PORTO 1270	CIDADE UNIVERSITARIA	13083210	19-37875000;	
DIMEN	LABORATORIOS E EXAMES	MEDICINA NUCLEAR	RUA BENJAMIN CONSTANT 1717	CENTRO	13010142	19-37332000;19-32433077;	CRM-SP 33026
CEMEDI	LABORATORIOS E EXAMES	DENSITOMETRIA OSSEA	AVENIDA SAO JOSE DOS CAMPOS 256	JARDIM NOVA EUROPA	13040145	19-35171700;	CRM-SP 96884
CENTRO INFANTIL DE INVEST HEMAT DR D A BOLDRINI	LABORATORIOS E EXAMES	DENSITOMETRIA OSSEA	RUA DR GABRIEL PORTO 1270	CIDADE UNIVERSITARIA	13083210	19-37875000;	
DIAGMED CAMPINAS	LABORATORIOS E EXAMES	DENSITOMETRIA OSSEA	AVENIDA BRASIL 884	JARDIM GUANABARA	13073012	19-37435000;19-26602092;	CRM-SP 56988
DIMEN	LABORATORIOS E EXAMES	DENSITOMETRIA OSSEA	RUA BENJAMIN CONSTANT 1717	CENTRO	13010142	19-37332000;19-32433077;	CRM-SP 33026
HOSPITAL E MATERNIDADE CELSO PIERRO	LABORATORIOS E EXAMES	DENSITOMETRIA OSSEA	AVENIDA JOHN BOYD DUNLOP	JARDIM PAULICEIA	13060904	19-33438600;19-31121628;	CRM-SP 89121
RCC RADIOLOGIA CLINICA DE CAMPINAS	LABORATORIOS E EXAMES	DENSITOMETRIA OSSEA	AVENIDA JOSE DE SOUZA CAMPOS 840	NOVA CAMPINAS	13092123	19-37535700;	
ASM - HOSPITAL MADRE THEODORA CAMPINAS	LABORATORIOS E EXAMES	ENDOSCOPIA DIGESTIVA	RUA JOSE GERALDO CEREBINO CHRISTOFARO 175	PARQUE RURAL FAZENDA SANTA CANDIDA	13087567	19-30032704;	CRM-SP 84458
ASM - UNIDADE AVANCADA MADRE THEODORA	LABORATORIOS E EXAMES	ENDOSCOPIA DIGESTIVA	AVENIDA DOUTOR MORAES SALLES 2371	NOVA CAMPINAS	13092111	19-30032704;	CRM-SP 930040
CLINICA MEIRELLES	LABORATORIOS E EXAMES	ENDOSCOPIA DIGESTIVA	RUA PADRE ALMEIDA 310	CAMBUI	13025250	19-32943114;	
HEP CENTRO SERVICOS MEDICOS	LABORATORIOS E EXAMES	ENDOSCOPIA DIGESTIVA	AVENIDA ANDRADE NEVES 2412	JARDIM CHAPADAO	13070001	19-32121513;	CRM
HOSPITAL E MATERNIDADE CELSO PIERRO	LABORATORIOS E EXAMES	ENDOSCOPIA DIGESTIVA	AVENIDA JOHN BOYD DUNLOP	JARDIM PAULICEIA	13060904	19-33438600;19-31121628;	CRM-SP 89121
ASM - HOSPITAL MADRE THEODORA CAMPINAS	LABORATORIOS E EXAMES	COLONOSCOPIA	RUA JOSE GERALDO CEREBINO CHRISTOFARO 175	PARQUE RURAL FAZENDA SANTA CANDIDA	13087567	19-30032704;	CRM-SP 84458
ASM - UNIDADE AVANCADA MADRE THEODORA	LABORATORIOS E EXAMES	COLONOSCOPIA	AVENIDA DOUTOR MORAES SALLES 2371	NOVA CAMPINAS	13092111	19-30032704;	CRM-SP 930040
CLINICA MEIRELLES	LABORATORIOS E EXAMES	COLONOSCOPIA	RUA PADRE ALMEIDA 310	CAMBUI	13025250	19-32943114;	
HEP CENTRO SERVICOS MEDICOS	LABORATORIOS E EXAMES	COLONOSCOPIA	AVENIDA ANDRADE NEVES 2412	JARDIM CHAPADAO	13070001	19-32121513;	CRM
HOSPITAL E MATERNIDADE CELSO PIERRO	LABORATORIOS E EXAMES	COLONOSCOPIA	AVENIDA JOHN BOYD DUNLOP	JARDIM PAULICEIA	13060904	19-33438600;19-31121628;	CRM-SP 89121