CETE CENTRO ESP DE TERAPIA E ESTIM	CONSULTORIOS - CLINICAS - TERAPIAS	ACUPUNTURA MEDICA	VALINHOS	AVENIDA FRANCISCO JOSE DE CAMARGO ANDRADE 358	JARDIM CHAPADAO	13070055	19-32416050;19-33427730;	
CENTRO DE ORTOP E FRATURAS VALINHOS	CONSULTORIOS - CLINICAS - TERAPIAS	ACUPUNTURA MEDICA	VALINHOS	AVENIDA AV ONZE DE AGOSTO 2035	VILA EMBARE	13276130	19-38696688;	CRM-SP
CENTRO MEDICO HOMEOPATICO DE CAMPINAS	CONSULTORIOS - CLINICAS - TERAPIAS	ACUPUNTURA MEDICA	VALINHOS	RUA CAMARGO PAES 642	JARDIM GUANABARA	13073350	19-32335513;	
GLAUCIO COSTA DE OLIVEIRA	CONSULTORIOS - CLINICAS - TERAPIAS	ACUPUNTURA MEDICA	VALINHOS	RUA MARIA MONTEIRO 1016	CAMBUI	13025151	19-37058800;19-32948156;	CRM-SP 75106
THELMA ELAINE BRASILEIRO	CONSULTORIOS - CLINICAS - TERAPIAS	ACUPUNTURA MEDICA	VALINHOS	RUA FRANCISCO ALVES 56	BOTAFOGO	13020380	19-33881943;19-25121941;	CRM-SP 104938
AMGS ASSISTENCIA MEDICA	CONSULTORIOS - CLINICAS - TERAPIAS	ALERGIA E IMUNOLOGIA	VALINHOS	RUA DOUTOR ANTONIO GALIZIA 155	CAMBUI	13024510	19-32130343;	
CLINICA DE ALERGIA E IMUNOLOGIA DR ROBER	CONSULTORIOS - CLINICAS - TERAPIAS	ALERGIA E IMUNOLOGIA	VALINHOS	AVENIDA BRASIL 1601	JARDIM GUANABARA	13070178	19-32411112;19-32422211;19-32411018;	
CLINICA DE SAUDE INTEGRADA CAMPINAS	CONSULTORIOS - CLINICAS - TERAPIAS	ALERGIA E IMUNOLOGIA	VALINHOS	AVENIDA INDEPENDENCIA 4760	JARDIM ITALIA	13280000	19-38467951;19-38467910;	
GISELA BARBOSA MOREIRA	CONSULTORIOS - CLINICAS - TERAPIAS	ALERGIA E IMUNOLOGIA	VALINHOS	RUA DUQUE DE CAXIAS 780	CENTRO	13015311	19-32343244;19-32360618;	CRM-SP 51254
RUI ALMEIDA COATTI	CONSULTORIOS - CLINICAS - TERAPIAS	ALERGIA E IMUNOLOGIA	VALINHOS	RUA DUQUE DE CAXIAS 780	CENTRO	13015311	19-32343244;	CRM-SP 18459
CONEXA SAUDE	CONSULTORIOS - CLINICAS - TERAPIAS	ALERGIA E IMUNOLOGIA PEDIATRICA	VALINHOS	RUA ATENDIMENTO EXCLUSIVO ON-LINE	VILA ITAPURA	13023200		CRM-SP 1006122
ASM - UNIDADE AVANCADA MADRE THEODORA	CONSULTORIOS - CLINICAS - TERAPIAS	ANGIOLOGIA E CIRURGIA VASCULAR	VALINHOS	AVENIDA DOUTOR MORAES SALLES 2371	NOVA CAMPINAS	13092111	19-30032704;	CRM-SP 930040
CASA DE SAUDE	CONSULTORIOS - CLINICAS - TERAPIAS	ANGIOLOGIA E CIRURGIA VASCULAR	VALINHOS	PRAÇA DOUTOR TOFFOLI 28	CENTRO	13015240	19-37363400;	CRM-SP 149367
ANGIOSAFE	CONSULTORIOS - CLINICAS - TERAPIAS	ANGIOLOGIA E CIRURGIA VASCULAR	VALINHOS	RUA AMERICO BRASILIENSE 244	CAMBUI	13025230	19-32942864;	CRM-ES 126650
AMIL - POLICLINICA DE VINHEDO	CONSULTORIOS - CLINICAS - TERAPIAS	CARDIOLOGIA	VALINHOS	RUA MANOEL MATHEUS 1473	CENTRO	13280970	11-45831216;	
ASM - UNIDADE AVANCADA MADRE THEODORA	CONSULTORIOS - CLINICAS - TERAPIAS	CARDIOLOGIA	VALINHOS	AVENIDA DOUTOR MORAES SALLES 2371	NOVA CAMPINAS	13092111	19-30032704;	CRM-SP 930040
CARDIOCAMP DIAGCAMP	CONSULTORIOS - CLINICAS - TERAPIAS	CARDIOLOGIA	VALINHOS	AVENIDA ANDRADE NEVES 707	CENTRO	13013161	19-32310909;	
CASA DE SAUDE	CONSULTORIOS - CLINICAS - TERAPIAS	CARDIOLOGIA	VALINHOS	PRAÇA DOUTOR TOFFOLI 28	CENTRO	13015240	19-37363400;	CRM-SP 149367
CENTRO DE RITMOLOGIA CARDIO DE CAMPINAS	CONSULTORIOS - CLINICAS - TERAPIAS	CARDIOLOGIA	VALINHOS	RUA SEBASTIAO DE SOUZA 205	BOTAFOGO	13013173	19-37398890;	
CLINICA LIBERMAN	CONSULTORIOS - CLINICAS - TERAPIAS	CARDIOLOGIA	VALINHOS	AVENIDA ANDRADE NEVES 699	CENTRO	13013161	19-32324811;19-32324811;	
CLINICA MANNINA	CONSULTORIOS - CLINICAS - TERAPIAS	CARDIOLOGIA	VALINHOS	RUA AMELIA BUENO 159	TAQUARAL	13076050	19-33052632;19-989219616;19-994294222;	
CLINICA MEDICA CARVALHO & NASSER	CONSULTORIOS - CLINICAS - TERAPIAS	CARDIOLOGIA	VALINHOS	RUA LUIZ SPIANDORELLI NETO 30	LOTEAMENTO PAIQUERE	13271570	19-38712540;19-38497634;19-38716457;	
CLINICA MEDICA MEDEIROS	CONSULTORIOS - CLINICAS - TERAPIAS	CARDIOLOGIA	VALINHOS	RUA FREI ANTONIO DE PADUA 1263	JARDIM GUANABARA	13073330	19-32435917;19-32038272;19-998246994;	
DIAGNOSTICO CARDIOLOGICO	CONSULTORIOS - CLINICAS - TERAPIAS	CARDIOLOGIA	VALINHOS	RUA DUQUE DE CAXIAS 780	CENTRO	13015311	19-37435000;19-981343576;19-21218481;19-32322616;	CRM-SP 54089
MANUEL ALBERTO SEMINARIO ORIGGI	CONSULTORIOS - CLINICAS - TERAPIAS	CARDIOLOGIA	VALINHOS	RUA SANTA CRUZ 897	CENTRO	13280154	19-38864353;	CRM-SP 064029
MARCELO PRADO FORTUNA GERIN	CONSULTORIOS - CLINICAS - TERAPIAS	CARDIOLOGIA	VALINHOS	RUA BARRETO LEME 1865	CAMBUI	13025085	19-32520222;19-32522212;	CRM-SP 136028
CENTRO DE DESOSPITALIZACAO HUMANA - VIVER	CONSULTORIOS - CLINICAS - TERAPIAS	CARDIOLOGIA PEDIATRICA	VALINHOS	RUA CAMARGO PAES 776	JARDIM GUANABARA	13073350	19-25116989;19-25126989;	CRM-SP 51466
CARDIOCAMP DIAGCAMP	CONSULTORIOS - CLINICAS - TERAPIAS	CARDIOLOGIA PEDIATRICA	VALINHOS	AVENIDA ANDRADE NEVES 707	CENTRO	13013161	19-32310909;	
ASM - UNIDADE AVANCADA MADRE THEODORA	CONSULTORIOS - CLINICAS - TERAPIAS	CIRURGIA APARELHO DIGESTIVO	VALINHOS	AVENIDA DOUTOR MORAES SALLES 2371	NOVA CAMPINAS	13092111	19-30032704;	CRM-SP 930040
CLINICA AUN	CONSULTORIOS - CLINICAS - TERAPIAS	CIRURGIA APARELHO DIGESTIVO	VALINHOS	RUA BARAO DE ATIBAIA 80	VILA ITAPURA	13023010	19-32325825;19-32327268;	CRM-SP 94323
CLINICA MANNINA	CONSULTORIOS - CLINICAS - TERAPIAS	CIRURGIA APARELHO DIGESTIVO	VALINHOS	RUA AMELIA BUENO 159	TAQUARAL	13076050	19-33052632;19-989219616;19-994294222;	
CLINICA MEIRELLES	CONSULTORIOS - CLINICAS - TERAPIAS	CIRURGIA APARELHO DIGESTIVO	VALINHOS	AVENIDA INDEPENDENCIA 4727	CENTRO	13280000	19-38764542;19-38763545;19-38766140;	
ASM - UNIDADE AVANCADA MADRE THEODORA	CONSULTORIOS - CLINICAS - TERAPIAS	CIRURGIA CARDIACA	VALINHOS	AVENIDA DOUTOR MORAES SALLES 2371	NOVA CAMPINAS	13092111	19-30032704;	CRM-SP 930040
CASA DE SAUDE	CONSULTORIOS - CLINICAS - TERAPIAS	CIRURGIA CARDIACA	VALINHOS	PRAÇA DOUTOR TOFFOLI 28	CENTRO	13015240	19-37363400;	CRM-SP 149367
DIAGNOSTICO CARDIOLOGICO	CONSULTORIOS - CLINICAS - TERAPIAS	CIRURGIA CARDIACA	VALINHOS	RUA DUQUE DE CAXIAS 780	CENTRO	13015311	19-37435000;19-981343576;19-21218481;19-32322616;	CRM-SP 54089
DIAGNOSTICO CARDIOLOGICO	CONSULTORIOS - CLINICAS - TERAPIAS	CIRURGIA CARDIACA PEDIATRICA	VALINHOS	RUA DUQUE DE CAXIAS 780	CENTRO	13015311	19-37435000;19-981343576;19-21218481;19-32322616;	CRM-SP 54089
CASA DE SAUDE	CONSULTORIOS - CLINICAS - TERAPIAS	CIRURGIA CRANIO-MAXILO-FACIAL	VALINHOS	PRAÇA DOUTOR TOFFOLI 28	CENTRO	13015240	19-37363400;	CRM-SP 149367
ASM - UNIDADE AVANCADA MADRE THEODORA	CONSULTORIOS - CLINICAS - TERAPIAS	CIRURGIA DE CABECA E PESCOCO	VALINHOS	AVENIDA DOUTOR MORAES SALLES 2371	NOVA CAMPINAS	13092111	19-30032704;	CRM-SP 930040
CASA DE SAUDE	CONSULTORIOS - CLINICAS - TERAPIAS	CIRURGIA DE CABECA E PESCOCO	VALINHOS	PRAÇA DOUTOR TOFFOLI 28	CENTRO	13015240	19-37363400;	CRM-SP 149367
CLINICA DE OTORRINOLARINGOLOGIA DO INSTITUTO PENIDO BURNIER	CONSULTORIOS - CLINICAS - TERAPIAS	CIRURGIA DE CABECA E PESCOCO	VALINHOS	AVENIDA ANDRADE NEVES 611	CENTRO	13013160	19-37391020;	CRM-SP 61691
JOSE HENRIQUE FIGUEIREDO RACHED	CONSULTORIOS - CLINICAS - TERAPIAS	CIRURGIA DE COLUNA	VALINHOS	AVENIDA BARAO DE ITAPURA 385	BOTAFOGO	13020430	19-32314110;19-32349498;	CRM-SP 64247
AMIL - POLICLINICA DE VINHEDO	CONSULTORIOS - CLINICAS - TERAPIAS	CIRURGIA GERAL	VALINHOS	RUA MANOEL MATHEUS 1473	CENTRO	13280970	11-45831216;	
ASM - UNIDADE AVANCADA MADRE THEODORA	CONSULTORIOS - CLINICAS - TERAPIAS	CIRURGIA GERAL	VALINHOS	AVENIDA DOUTOR MORAES SALLES 2371	NOVA CAMPINAS	13092111	19-30032704;	CRM-SP 930040
CASA DE SAUDE	CONSULTORIOS - CLINICAS - TERAPIAS	CIRURGIA GERAL	VALINHOS	PRAÇA DOUTOR TOFFOLI 28	CENTRO	13015240	19-37363400;	CRM-SP 149367
CENTER MED	CONSULTORIOS - CLINICAS - TERAPIAS	CIRURGIA GERAL	VALINHOS	RUA SANTA CRUZ 322	BARRA FUNDA	13280000	19-38264779;19-38762567;	
CLINICA AUN	CONSULTORIOS - CLINICAS - TERAPIAS	CIRURGIA GERAL	VALINHOS	RUA BARAO DE ATIBAIA 80	VILA ITAPURA	13023010	19-32325825;19-32327268;	CRM-SP 94323
CLINICA MEIRELLES	CONSULTORIOS - CLINICAS - TERAPIAS	CIRURGIA GERAL	VALINHOS	AVENIDA INDEPENDENCIA 4727	CENTRO	13280000	19-38764542;19-38763545;19-38766140;	
GRUPO SURGICAL	CONSULTORIOS - CLINICAS - TERAPIAS	CIRURGIA GERAL	VALINHOS	AVENIDA BARAO DE ITAPURA 2323	JARDIM GUANABARA	13073300	19-33259132;19-33957411;	
ANA PAULA CAMPOS MELRO	CONSULTORIOS - CLINICAS - TERAPIAS	CIRURGIA PEDIATRICA	VALINHOS	AVENIDA ANDRADE NEVES 295	CENTRO	13013160	19-35125080;	CRM-SP 82303
CASA DE SAUDE	CONSULTORIOS - CLINICAS - TERAPIAS	CIRURGIA PEDIATRICA	VALINHOS	PRAÇA DOUTOR TOFFOLI 28	CENTRO	13015240	19-37363400;	CRM-SP 149367
AMIL - POLICLINICA DE VINHEDO	CONSULTORIOS - CLINICAS - TERAPIAS	CIRURGIA PLASTICA REPARADORA	VALINHOS	RUA MANOEL MATHEUS 1473	CENTRO	13280970	11-45831216;	
CASA DE SAUDE	CONSULTORIOS - CLINICAS - TERAPIAS	CIRURGIA PLASTICA REPARADORA	VALINHOS	PRAÇA DOUTOR TOFFOLI 28	CENTRO	13015240	19-37363400;	CRM-SP 149367
CLIN FRANCO OFTALM E CIRURGIA PLASTICA	CONSULTORIOS - CLINICAS - TERAPIAS	CIRURGIA PLASTICA REPARADORA	VALINHOS	RUA VISCONDESSA DE CAMPINAS 45	NOVA CAMPINAS	13092135	19-30271927;	
CLINICA MEDICA E DERMATOLOGICA AVANCADA	CONSULTORIOS - CLINICAS - TERAPIAS	CIRURGIA PLASTICA REPARADORA	VALINHOS	RUA ITALIA 274	JARDIM RIBEIRO	13270180	19-38496221;19-33274838;	
CLINICA MEIRELLES	CONSULTORIOS - CLINICAS - TERAPIAS	CIRURGIA PLASTICA REPARADORA	VALINHOS	AVENIDA INDEPENDENCIA 4727	CENTRO	13280000	19-38764542;19-38763545;19-38766140;	
MARCOS MIGUEL DA SILVA	CONSULTORIOS - CLINICAS - TERAPIAS	CIRURGIA PLASTICA REPARADORA	VALINHOS	AVENIDA JOAO ERBOLATO 119	JARDIM CHAPADAO	13070070	19-32438315;	CRM-SP 90110
SYMCO MEDICINA	CONSULTORIOS - CLINICAS - TERAPIAS	CIRURGIA PLASTICA REPARADORA	VALINHOS	RUA CORONEL QUIRINO 1483	CAMBUI	13025002	19-32556764;19-994715639;	
ASM - UNIDADE AVANCADA MADRE THEODORA	CONSULTORIOS - CLINICAS - TERAPIAS	CIRURGIA TORACICA	VALINHOS	AVENIDA DOUTOR MORAES SALLES 2371	NOVA CAMPINAS	13092111	19-30032704;	CRM-SP 930040
CASA DE SAUDE	CONSULTORIOS - CLINICAS - TERAPIAS	CIRURGIA TORACICA	VALINHOS	PRAÇA DOUTOR TOFFOLI 28	CENTRO	13015240	19-37363400;	CRM-SP 149367
AMIL - POLICLINICA DE VINHEDO	CONSULTORIOS - CLINICAS - TERAPIAS	CLINICA MEDICA	VALINHOS	RUA MANOEL MATHEUS 1473	CENTRO	13280970	11-45831216;	
ASM - UNIDADE AVANCADA MADRE THEODORA	CONSULTORIOS - CLINICAS - TERAPIAS	CLINICA MEDICA	VALINHOS	AVENIDA DOUTOR MORAES SALLES 2371	NOVA CAMPINAS	13092111	19-30032704;	CRM-SP 930040
CASA DE SAUDE	CONSULTORIOS - CLINICAS - TERAPIAS	CLINICA MEDICA	VALINHOS	PRAÇA DOUTOR TOFFOLI 28	CENTRO	13015240	19-37363400;	CRM-SP 149367
CENTRO MEDICO HOMEOPATICO DE CAMPINAS	CONSULTORIOS - CLINICAS - TERAPIAS	CLINICA MEDICA	VALINHOS	RUA CAMARGO PAES 642	JARDIM GUANABARA	13073350	19-32335513;	
CI - SANTA CLARA	CONSULTORIOS - CLINICAS - TERAPIAS	CLINICA MEDICA	VALINHOS	AVENIDA FRANCISCO GLICERIO 1867	CENTRO	13012000	19-32341187;	
CLINICA LIBERMAN	CONSULTORIOS - CLINICAS - TERAPIAS	CLINICA MEDICA	VALINHOS	AVENIDA ANDRADE NEVES 699	CENTRO	13013161	19-32324811;19-32324811;	
CLINICA MEDICA E DERMATOLOGICA AVANCADA	CONSULTORIOS - CLINICAS - TERAPIAS	CLINICA MEDICA	VALINHOS	RUA ITALIA 274	JARDIM RIBEIRO	13270180	19-38496221;19-33274838;	
CLINICA MEDICA MEDEIROS	CONSULTORIOS - CLINICAS - TERAPIAS	CLINICA MEDICA	VALINHOS	RUA FREI ANTONIO DE PADUA 1263	JARDIM GUANABARA	13073330	19-32435917;19-32038272;19-998246994;	
CONEXA SAUDE	CONSULTORIOS - CLINICAS - TERAPIAS	CLINICA MEDICA	VALINHOS	RUA ATENDIMENTO EXCLUSIVO ON-LINE	VILA ITAPURA	13023200		CRM-SP 1006122
DULCE CORREA MAMPRIM PILOTO	CONSULTORIOS - CLINICAS - TERAPIAS	CLINICA MEDICA	VALINHOS	AVENIDA ANDRADE NEVES 699	CENTRO	13013161	19-21218044;	CRM-SP 39120
EDMED SAUDE OCUPACIONAL	CONSULTORIOS - CLINICAS - TERAPIAS	CLINICA MEDICA	VALINHOS	RUA DAS ANDORINHAS 191	CENTRO	13280000	19-38763053;19-38765266;	
PERSONAL MED CENTER	CONSULTORIOS - CLINICAS - TERAPIAS	CLINICA MEDICA	VALINHOS	RUA MARIA MONTEIRO 1060	CAMBUI	13025151	19-32353653;	
SYMCO MEDICINA	CONSULTORIOS - CLINICAS - TERAPIAS	CLINICA MEDICA	VALINHOS	RUA CORONEL QUIRINO 1483	CAMBUI	13025002	19-32556764;19-994715639;	
TEMPO MEDICINA DE FAMILIA	CONSULTORIOS - CLINICAS - TERAPIAS	CLINICA MEDICA	VALINHOS	RUA ATENDIMENTO EXCLUSIVO ON-LINE	VILA ITAPURA	13023200		CRM-PR 40626
THELMA ELAINE BRASILEIRO	CONSULTORIOS - CLINICAS - TERAPIAS	CLINICA MEDICA	VALINHOS	RUA FRANCISCO ALVES 56	BOTAFOGO	13020380	19-33881943;19-25121941;	CRM-SP 104938
AMIL - POLICLINICA DE VINHEDO	CONSULTORIOS - CLINICAS - TERAPIAS	DERMATOLOGIA	VALINHOS	RUA MANOEL MATHEUS 1473	CENTRO	13280970	11-45831216;	
ASM - UNIDADE AVANCADA MADRE THEODORA	CONSULTORIOS - CLINICAS - TERAPIAS	DERMATOLOGIA	VALINHOS	AVENIDA DOUTOR MORAES SALLES 2371	NOVA CAMPINAS	13092111	19-30032704;	CRM-SP 930040
CASA DE SAUDE	CONSULTORIOS - CLINICAS - TERAPIAS	DERMATOLOGIA	VALINHOS	PRAÇA DOUTOR TOFFOLI 28	CENTRO	13015240	19-37363400;	CRM-SP 149367
CLINICA MEDICA E DERMATOLOGICA AVANCADA	CONSULTORIOS - CLINICAS - TERAPIAS	DERMATOLOGIA	VALINHOS	RUA ITALIA 274	JARDIM RIBEIRO	13270180	19-38496221;19-33274838;	
DERMAVISUS - CENTRO DE DERMATOLOGIA & OFTAMOLOGIA	CONSULTORIOS - CLINICAS - TERAPIAS	DERMATOLOGIA	VALINHOS	AVENIDA DOUTOR MORAES SALES 1136	CENTRO	13010001		
HELOISA GLEREAN GHISELLI	CONSULTORIOS - CLINICAS - TERAPIAS	DERMATOLOGIA	VALINHOS	AVENIDA INDEPENDENCIA 4688	CENTRO	13280000	19-38865208;	CRM-SP 75603
JG FOTOTERAPIA	CONSULTORIOS - CLINICAS - TERAPIAS	DERMATOLOGIA	VALINHOS	RUA CAMARGO PAES 662	JARDIM GUANABARA	13073350	19-32121717;19-32120408;	CRM-SP 955795
SYMCO MEDICINA	CONSULTORIOS - CLINICAS - TERAPIAS	DERMATOLOGIA	VALINHOS	RUA CORONEL QUIRINO 1483	CAMBUI	13025002	19-32556764;19-994715639;	
CONEXA SAUDE	CONSULTORIOS - CLINICAS - TERAPIAS	DERMATOLOGIA PEDIATRICA	VALINHOS	RUA ATENDIMENTO EXCLUSIVO ON-LINE	VILA ITAPURA	13023200		CRM-SP 1006122
AMIL - POLICLINICA DE VINHEDO	CONSULTORIOS - CLINICAS - TERAPIAS	ENDOCRINOLOGIA E METABOLOGIA	VALINHOS	RUA MANOEL MATHEUS 1473	CENTRO	13280970	11-45831216;	
CASA DE SAUDE	CONSULTORIOS - CLINICAS - TERAPIAS	ENDOCRINOLOGIA E METABOLOGIA	VALINHOS	PRAÇA DOUTOR TOFFOLI 28	CENTRO	13015240	19-37363400;	CRM-SP 149367
CLINICA DA MULHER	CONSULTORIOS - CLINICAS - TERAPIAS	ENDOCRINOLOGIA E METABOLOGIA	VALINHOS	AVENIDA DAS AMOREIRAS 425	SAO BERNARDO	13036225	19-32733036;	
CLINICA E LABORATORIO DA VITA	CONSULTORIOS - CLINICAS - TERAPIAS	ENDOCRINOLOGIA E METABOLOGIA	VALINHOS	AVENIDA MARECHAL CARMONA 1140	VILA JOAO JORGE	13041311	19-38812433;	
MARCELO PEDRO RAMOS	CONSULTORIOS - CLINICAS - TERAPIAS	ENDOCRINOLOGIA E METABOLOGIA	VALINHOS	RUA DOUTOR ERALDO AURELIO FRANZESE 57	PAIQUERE	13271608	19-38714212;	CRM-SP 73711
VITOR JOSE FANTINATO PANSANI	CONSULTORIOS - CLINICAS - TERAPIAS	ENDOCRINOLOGIA E METABOLOGIA	VALINHOS	RUA VISCONDE DE TAUNAY 305	VILA ITAPURA	13023200	19-32319542;19-32365915;	CRM-SP 32449
CLINICA AUN	CONSULTORIOS - CLINICAS - TERAPIAS	ENDOCRINOLOGIA E METABOLOGIA PEDIATRICA	VALINHOS	RUA BARAO DE ATIBAIA 80	VILA ITAPURA	13023010	19-32325825;19-32327268;	CRM-SP 94323
CONEXA SAUDE	CONSULTORIOS - CLINICAS - TERAPIAS	ENDOCRINOLOGIA E METABOLOGIA PEDIATRICA	VALINHOS	RUA ATENDIMENTO EXCLUSIVO ON-LINE	VILA ITAPURA	13023200		CRM-SP 1006122
FATIMA CRISTINA DE FREITAS WHITACKER	CONSULTORIOS - CLINICAS - TERAPIAS	ENDOCRINOLOGIA E METABOLOGIA PEDIATRICA	VALINHOS	RUA FREI MANOEL DA RESSURREICAO 526	JARDIM GUANABARA	13073221	19-32317742;19-32352025;	
CLAUDIA SANCHEZ	CONSULTORIOS - CLINICAS - TERAPIAS	FISIOTERAPIA NEUROLOGICA	VALINHOS	RUA MANOEL MATEUS 1084	CENTRO	13280970	19-38262111;	CRM-SP 12143
CLINICA DE FISIOTERAPIA FISIO ACAO EIRELI	CONSULTORIOS - CLINICAS - TERAPIAS	FISIOTERAPIA NEUROLOGICA	VALINHOS	RUA DO CAFE 430	CAPELA	13280000	19-38364123;	CREFITO-SP 90262
CRISTINE RUGGIERO BARROSO	CONSULTORIOS - CLINICAS - TERAPIAS	FISIOTERAPIA NEUROLOGICA	VALINHOS	RUA MANOEL MATEUS 1084	CENTRO	13280000	19-38262111;	CRM-SP 021825
KIKLOS SAUDE CAMPINAS	CONSULTORIOS - CLINICAS - TERAPIAS	FISIOTERAPIA ORTOPEDICA	VALINHOS	AVENIDA JOSE BONIFACIO 718	JARDIM FLAMBOYANT	13091140	19-33427910;	CRFA-SP 4436
ANDREA MARY MASSUDA	CONSULTORIOS - CLINICAS - TERAPIAS	FISIOTERAPIA ORTOPEDICA	VALINHOS	RUA MANOEL ESTABINO DO NASCIMENTO 95	CASTELO	13271290	19-38714516;19-996471337;	CREFITO-SP 329076F
CLAUDIA SANCHEZ	CONSULTORIOS - CLINICAS - TERAPIAS	FISIOTERAPIA ORTOPEDICA	VALINHOS	RUA MANOEL MATEUS 1084	CENTRO	13280970	19-38262111;	CRM-SP 12143
CLINICA DE FISIOTERAPIA FISIO ACAO EIRELI	CONSULTORIOS - CLINICAS - TERAPIAS	FISIOTERAPIA ORTOPEDICA	VALINHOS	RUA DO CAFE 430	CAPELA	13280000	19-38364123;	CREFITO-SP 90262
CRISTINE RUGGIERO BARROSO	CONSULTORIOS - CLINICAS - TERAPIAS	FISIOTERAPIA ORTOPEDICA	VALINHOS	RUA MANOEL MATEUS 1084	CENTRO	13280000	19-38262111;	CRM-SP 021825
INSTITUTO PATRICIA LACOMBE REEDUCACAO DE	CONSULTORIOS - CLINICAS - TERAPIAS	FISIOTERAPIA ORTOPEDICA	VALINHOS	RUA R DOUTOR ANTONIO GALIZIA 25	CAMBUI	13024510	19-37514000;	CREFITO-SP 3428
MARY CLINICA	CONSULTORIOS - CLINICAS - TERAPIAS	FISIOTERAPIA ORTOPEDICA	VALINHOS	RUA MANOEL ESTABINO DO NASCIMENTO 95	CASTELO	13271290	19-38714516;19-996471337;	CREFITO-SP 3 - 10925
MARY CLINICA	CONSULTORIOS - CLINICAS - TERAPIAS	FISIOTERAPIA PELVICA	VALINHOS	RUA MANOEL ESTABINO DO NASCIMENTO 95	CASTELO	13271290	19-38714516;19-996471337;	CREFITO-SP 3 - 10925
KIKLOS SAUDE CAMPINAS	CONSULTORIOS - CLINICAS - TERAPIAS	FISIOTERAPIA RESPIRATORIA	VALINHOS	AVENIDA JOSE BONIFACIO 718	JARDIM FLAMBOYANT	13091140	19-33427910;	CRFA-SP 4436
ANDREA MARY MASSUDA	CONSULTORIOS - CLINICAS - TERAPIAS	FISIOTERAPIA RESPIRATORIA	VALINHOS	RUA MANOEL ESTABINO DO NASCIMENTO 95	CASTELO	13271290	19-38714516;19-996471337;	CREFITO-SP 329076F
CLAUDIA SANCHEZ	CONSULTORIOS - CLINICAS - TERAPIAS	FISIOTERAPIA RESPIRATORIA	VALINHOS	RUA MANOEL MATEUS 1084	CENTRO	13280970	19-38262111;	CRM-SP 12143
CLINICA DE FISIOTERAPIA FISIO ACAO EIRELI	CONSULTORIOS - CLINICAS - TERAPIAS	FISIOTERAPIA RESPIRATORIA	VALINHOS	RUA DO CAFE 430	CAPELA	13280000	19-38364123;	CREFITO-SP 90262
CRISTINE RUGGIERO BARROSO	CONSULTORIOS - CLINICAS - TERAPIAS	FISIOTERAPIA RESPIRATORIA	VALINHOS	RUA MANOEL MATEUS 1084	CENTRO	13280000	19-38262111;	CRM-SP 021825
CETE CENTRO ESP DE TERAPIA E ESTIM	CONSULTORIOS - CLINICAS - TERAPIAS	FONOAUDIOLOGIA	VALINHOS	AVENIDA FRANCISCO JOSE DE CAMARGO ANDRADE 358	JARDIM CHAPADAO	13070055	19-32416050;19-33427730;	
KIKLOS SAUDE CAMPINAS	CONSULTORIOS - CLINICAS - TERAPIAS	FONOAUDIOLOGIA	VALINHOS	AVENIDA JOSE BONIFACIO 718	JARDIM FLAMBOYANT	13091140	19-33427910;	CRFA-SP 4436
ENTRE SAUDE MENTAL E QUALIDADE DE VIDA	CONSULTORIOS - CLINICAS - TERAPIAS	FONOAUDIOLOGIA	VALINHOS	RUA VICENTE ROTELLA 60	CENTRO	13280000	19-38362498;	
FISIOCLINICA VINHEDO	CONSULTORIOS - CLINICAS - TERAPIAS	FONOAUDIOLOGIA	VALINHOS	RUA ANTONIO VON ZUBEN 433	CENTRO	13280000	19-38760131;	
UNA TERAPIAS INTERDISCIPLINARES	CONSULTORIOS - CLINICAS - TERAPIAS	FONOAUDIOLOGIA	VALINHOS	RUA JOAO GASPARINI 32	CENTRO	13280306		CRP-SP 06130927
VERA APARECIDA CAMILLI PASTRELLO	CONSULTORIOS - CLINICAS - TERAPIAS	FONOAUDIOLOGIA	VALINHOS	RUA TIRADENTES 446	VILA ITAPURA	13023190		CRF-SP 1972
AMIL - POLICLINICA DE VINHEDO	CONSULTORIOS - CLINICAS - TERAPIAS	GASTROENTEROLOGIA	VALINHOS	RUA MANOEL MATHEUS 1473	CENTRO	13280970	11-45831216;	
ASM - UNIDADE AVANCADA MADRE THEODORA	CONSULTORIOS - CLINICAS - TERAPIAS	GASTROENTEROLOGIA	VALINHOS	AVENIDA DOUTOR MORAES SALLES 2371	NOVA CAMPINAS	13092111	19-30032704;	CRM-SP 930040
CLINICA AUN	CONSULTORIOS - CLINICAS - TERAPIAS	GASTROENTEROLOGIA	VALINHOS	RUA BARAO DE ATIBAIA 80	VILA ITAPURA	13023010	19-32325825;19-32327268;	CRM-SP 94323
CLINICA DE GASTROENTEROLOGIA E PROCTOLOGIA DE CAMPINAS	CONSULTORIOS - CLINICAS - TERAPIAS	GASTROENTEROLOGIA	VALINHOS	RUA JOSE PAULINO 2223	VILA ITAPURA	13023102	19-32332844;19-32540952;	
CLINICA MANNINA	CONSULTORIOS - CLINICAS - TERAPIAS	GASTROENTEROLOGIA	VALINHOS	RUA AMELIA BUENO 159	TAQUARAL	13076050	19-33052632;19-989219616;19-994294222;	
CLINICA MEDICA MEDEIROS	CONSULTORIOS - CLINICAS - TERAPIAS	GASTROENTEROLOGIA	VALINHOS	RUA FREI ANTONIO DE PADUA 1263	JARDIM GUANABARA	13073330	19-32435917;19-32038272;19-998246994;	
CLINICA MEDICA SAUDE E VIDA	CONSULTORIOS - CLINICAS - TERAPIAS	GASTROENTEROLOGIA	VALINHOS	AVENIDA WASHINGTON LUIS 2480	VILA MARIETA	13042105	19-38492132;19-971269380;	
CLINICA MEIRELLES	CONSULTORIOS - CLINICAS - TERAPIAS	GASTROENTEROLOGIA	VALINHOS	AVENIDA INDEPENDENCIA 4727	CENTRO	13280000	19-38764542;19-38763545;19-38766140;	
HEP CENTRO SERVICOS MEDICOS	CONSULTORIOS - CLINICAS - TERAPIAS	GASTROENTEROLOGIA	VALINHOS	AVENIDA ANDRADE NEVES 2412	JARDIM CHAPADAO	13070001	19-32121513;	CRM
SYMCO MEDICINA	CONSULTORIOS - CLINICAS - TERAPIAS	GASTROENTEROLOGIA	VALINHOS	RUA CORONEL QUIRINO 1483	CAMBUI	13025002	19-32556764;19-994715639;	
CENTRO DE DESOSPITALIZACAO HUMANA - VIVER	CONSULTORIOS - CLINICAS - TERAPIAS	GENETICA MEDICA	VALINHOS	RUA CAMARGO PAES 776	JARDIM GUANABARA	13073350	19-25116989;19-25126989;	CRM-SP 51466
CAMILA REBELO NICOLAU	CONSULTORIOS - CLINICAS - TERAPIAS	GENETICA MEDICA	VALINHOS	RUA LUIZ SPIANDORELLI NETO 60	LOTEAMENTO PAIQUERE	13271570	19-32992112;	CRM-SP 122809
CASA DE SAUDE	CONSULTORIOS - CLINICAS - TERAPIAS	GERIATRIA	VALINHOS	PRAÇA DOUTOR TOFFOLI 28	CENTRO	13015240	19-37363400;	CRM-SP 149367
CLINICA LIBERMAN	CONSULTORIOS - CLINICAS - TERAPIAS	GERIATRIA	VALINHOS	AVENIDA ANDRADE NEVES 699	CENTRO	13013161	19-32324811;19-32324811;	
CLINICA MEDICA MEDEIROS	CONSULTORIOS - CLINICAS - TERAPIAS	GERIATRIA	VALINHOS	RUA FREI ANTONIO DE PADUA 1263	JARDIM GUANABARA	13073330	19-32435917;19-32038272;19-998246994;	
AMIL - POLICLINICA DE VINHEDO	CONSULTORIOS - CLINICAS - TERAPIAS	GINECOLOGIA	VALINHOS	RUA MANOEL MATHEUS 1473	CENTRO	13280970	11-45831216;	
ASM - UNIDADE AVANCADA MADRE THEODORA	CONSULTORIOS - CLINICAS - TERAPIAS	GINECOLOGIA	VALINHOS	AVENIDA DOUTOR MORAES SALLES 2371	NOVA CAMPINAS	13092111	19-30032704;	CRM-SP 930040
ALBA CRISTINA SALVI	CONSULTORIOS - CLINICAS - TERAPIAS	GINECOLOGIA	VALINHOS	AVENIDA ANCHIETA 623	CENTRO	13015101	19-32316517;19-32341940;19-994708940;	CRM-SP 72310
BB INOCHI CONSULTORIO MEDICO LTDA	CONSULTORIOS - CLINICAS - TERAPIAS	GINECOLOGIA	VALINHOS	RUA MARLENE PIATO CONTE 888	PARQUE RESIDENCIAL COLINA DO SOL	13270540	19-38494302;	CRM-RJ 5200859150
CASA DE SAUDE	CONSULTORIOS - CLINICAS - TERAPIAS	GINECOLOGIA	VALINHOS	PRAÇA DOUTOR TOFFOLI 28	CENTRO	13015240	19-37363400;	CRM-SP 149367
CENTER MED	CONSULTORIOS - CLINICAS - TERAPIAS	GINECOLOGIA	VALINHOS	RUA PADRE ALMEIDA 614	CAMBUI	13025251	19-32547812;	
CI - SANTA CLARA	CONSULTORIOS - CLINICAS - TERAPIAS	GINECOLOGIA	VALINHOS	AVENIDA FRANCISCO GLICERIO 1867	CENTRO	13012000	19-32341187;	
CL MED VALBERT DE CASTRO SS LTDA	CONSULTORIOS - CLINICAS - TERAPIAS	GINECOLOGIA	VALINHOS	AVENIDA FRANCISCO GLICERIO 2331	VILA ITAPURA	13023101	19-32335601;	CRM-SP 961484
CLINICA DA MULHER	CONSULTORIOS - CLINICAS - TERAPIAS	GINECOLOGIA	VALINHOS	AVENIDA DAS AMOREIRAS 425	SAO BERNARDO	13036225	19-32733036;	
CLINICA MEDICA MANENTE LIMITADA	CONSULTORIOS - CLINICAS - TERAPIAS	GINECOLOGIA	VALINHOS	AVENIDA JOSE BONIFACIO 2296	JARDIM DAS PAINEIRAS	13092305	19-32556711;	
CONEXA SAUDE	CONSULTORIOS - CLINICAS - TERAPIAS	GINECOLOGIA	VALINHOS	RUA ATENDIMENTO EXCLUSIVO ON-LINE	VILA ITAPURA	13023200		CRM-SP 1006122
DRA MIRIAM NOBREGA CONSULTORIO GINECOLOG	CONSULTORIOS - CLINICAS - TERAPIAS	GINECOLOGIA	VALINHOS	RUA DOUTOR ERALDO AURELIO FRANZESE 57	PAIQUERE	13271608	19-981819392;	CRM-SP 83865
DUO CENTER OFTALMOLOGIA	CONSULTORIOS - CLINICAS - TERAPIAS	GINECOLOGIA	VALINHOS	AVENIDA BENJAMIN CONSTANT 2 ANDAR 1134	CENTRO	13010141		CRM-SP 79685
GLAUCIO COSTA DE OLIVEIRA	CONSULTORIOS - CLINICAS - TERAPIAS	GINECOLOGIA	VALINHOS	RUA MARIA MONTEIRO 1016	CAMBUI	13025151	19-37058800;19-32948156;	CRM-SP 75106
HP SERVICOS MEDICOS SOCIEDADE SIMPLES	CONSULTORIOS - CLINICAS - TERAPIAS	GINECOLOGIA	VALINHOS	RUA DOM BARRETO 157	VILA EMBARE	13271150	19-38295090;19-31670050;	CRM-SP 71382
INSTITUTO PRO-MULHER	CONSULTORIOS - CLINICAS - TERAPIAS	GINECOLOGIA	VALINHOS	RUA URUGUAIANA 467	BOSQUE	13026001	19-32343320;19-32548252;	
MIRIAM SIESLER NOBREGA BELISARIO	CONSULTORIOS - CLINICAS - TERAPIAS	GINECOLOGIA	VALINHOS	RUA DOUTOR ERALDO AURELIO FRANZESE 57	PAIQUERE	13271608	19-38714212;19-981819392;	CRM-SP 0000083865
SCHNEIDER ASSISTENCIA MEDICA LTDA	CONSULTORIOS - CLINICAS - TERAPIAS	GINECOLOGIA	VALINHOS	RUA BARAO GERALDO DE RESENDE 282	BOTAFOGO	13020440	19-33075915;	CRM-SP 995331
SEVIG SERVICOS DE VIDEO ENDOSCOPIA GIN	CONSULTORIOS - CLINICAS - TERAPIAS	GINECOLOGIA	VALINHOS	RUA VISCONDE DE TAUNAY 420	VILA ITAPURA	13023200	19-32370954;	
SYMCO MEDICINA	CONSULTORIOS - CLINICAS - TERAPIAS	GINECOLOGIA	VALINHOS	RUA CORONEL QUIRINO 1483	CAMBUI	13025002	19-32556764;19-994715639;	
VANDELCI RICCI	CONSULTORIOS - CLINICAS - TERAPIAS	GINECOLOGIA	VALINHOS	RUA SACRAMENTO 900	CENTRO	13010210	19-32433751;	CRM-SP 0000032104
ALBA CRISTINA SALVI	CONSULTORIOS - CLINICAS - TERAPIAS	GINECOLOGIA E OBSTETRICIA	VALINHOS	AVENIDA ANCHIETA 623	CENTRO	13015101	19-32316517;19-32341940;19-994708940;	CRM-SP 72310
BB INOCHI CONSULTORIO MEDICO LTDA	CONSULTORIOS - CLINICAS - TERAPIAS	GINECOLOGIA E OBSTETRICIA	VALINHOS	RUA MARLENE PIATO CONTE 888	PARQUE RESIDENCIAL COLINA DO SOL	13270540	19-38494302;	CRM-RJ 5200859150
CASA DE SAUDE	CONSULTORIOS - CLINICAS - TERAPIAS	GINECOLOGIA E OBSTETRICIA	VALINHOS	PRAÇA DOUTOR TOFFOLI 28	CENTRO	13015240	19-37363400;	CRM-SP 149367
CENTER MED	CONSULTORIOS - CLINICAS - TERAPIAS	GINECOLOGIA E OBSTETRICIA	VALINHOS	RUA SANTA CRUZ 322	BARRA FUNDA	13280000	19-38264779;19-38762567;	
CI - SANTA CLARA	CONSULTORIOS - CLINICAS - TERAPIAS	GINECOLOGIA E OBSTETRICIA	VALINHOS	AVENIDA FRANCISCO GLICERIO 1867	CENTRO	13012000	19-32341187;	
CL MED VALBERT DE CASTRO SS LTDA	CONSULTORIOS - CLINICAS - TERAPIAS	GINECOLOGIA E OBSTETRICIA	VALINHOS	AVENIDA FRANCISCO GLICERIO 2331	VILA ITAPURA	13023101	19-32335601;	CRM-SP 961484
CLINICA DA MULHER	CONSULTORIOS - CLINICAS - TERAPIAS	GINECOLOGIA E OBSTETRICIA	VALINHOS	AVENIDA DAS AMOREIRAS 425	SAO BERNARDO	13036225	19-32733036;	
CLINICA MEDICA MANENTE LIMITADA	CONSULTORIOS - CLINICAS - TERAPIAS	GINECOLOGIA E OBSTETRICIA	VALINHOS	AVENIDA JOSE BONIFACIO 2296	JARDIM DAS PAINEIRAS	13092305	19-32556711;	
CONEXA SAUDE	CONSULTORIOS - CLINICAS - TERAPIAS	GINECOLOGIA E OBSTETRICIA	VALINHOS	RUA ATENDIMENTO EXCLUSIVO ON-LINE	VILA ITAPURA	13023200		CRM-SP 1006122
DRA MIRIAM NOBREGA CONSULTORIO GINECOLOG	CONSULTORIOS - CLINICAS - TERAPIAS	GINECOLOGIA E OBSTETRICIA	VALINHOS	RUA DOUTOR ERALDO AURELIO FRANZESE 57	PAIQUERE	13271608	19-981819392;	CRM-SP 83865
GLAUCIO COSTA DE OLIVEIRA	CONSULTORIOS - CLINICAS - TERAPIAS	GINECOLOGIA E OBSTETRICIA	VALINHOS	RUA MARIA MONTEIRO 1016	CAMBUI	13025151	19-37058800;19-32948156;	CRM-SP 75106
HP SERVICOS MEDICOS SOCIEDADE SIMPLES	CONSULTORIOS - CLINICAS - TERAPIAS	GINECOLOGIA E OBSTETRICIA	VALINHOS	RUA DOM BARRETO 157	VILA EMBARE	13271150	19-38295090;19-31670050;	CRM-SP 71382
INSTITUTO PRO-MULHER	CONSULTORIOS - CLINICAS - TERAPIAS	GINECOLOGIA E OBSTETRICIA	VALINHOS	RUA URUGUAIANA 467	BOSQUE	13026001	19-32343320;19-32548252;	
MIRIAM SIESLER NOBREGA BELISARIO	CONSULTORIOS - CLINICAS - TERAPIAS	GINECOLOGIA E OBSTETRICIA	VALINHOS	RUA DOUTOR ERALDO AURELIO FRANZESE 57	PAIQUERE	13271608	19-38714212;19-981819392;	CRM-SP 0000083865
SCHNEIDER ASSISTENCIA MEDICA LTDA	CONSULTORIOS - CLINICAS - TERAPIAS	GINECOLOGIA E OBSTETRICIA	VALINHOS	RUA BARAO GERALDO DE RESENDE 282	BOTAFOGO	13020440	19-33075915;	CRM-SP 995331
SEVIG SERVICOS DE VIDEO ENDOSCOPIA GIN	CONSULTORIOS - CLINICAS - TERAPIAS	GINECOLOGIA E OBSTETRICIA	VALINHOS	RUA VISCONDE DE TAUNAY 420	VILA ITAPURA	13023200	19-32370954;	
SYMCO MEDICINA	CONSULTORIOS - CLINICAS - TERAPIAS	GINECOLOGIA E OBSTETRICIA	VALINHOS	RUA CORONEL QUIRINO 1483	CAMBUI	13025002	19-32556764;19-994715639;	
VANDELCI RICCI	CONSULTORIOS - CLINICAS - TERAPIAS	GINECOLOGIA E OBSTETRICIA	VALINHOS	RUA SACRAMENTO 900	CENTRO	13010210	19-32433751;	CRM-SP 0000032104
ASM - UNIDADE AVANCADA MADRE THEODORA	CONSULTORIOS - CLINICAS - TERAPIAS	HEMATOLOGIA	VALINHOS	AVENIDA DOUTOR MORAES SALLES 2371	NOVA CAMPINAS	13092111	19-30032704;	CRM-SP 930040
CASA DE SAUDE	CONSULTORIOS - CLINICAS - TERAPIAS	HEMATOLOGIA	VALINHOS	PRAÇA DOUTOR TOFFOLI 28	CENTRO	13015240	19-37363400;	CRM-SP 149367
CENTRO DE HEMATOLOGIA HEMOTERAPIA	CONSULTORIOS - CLINICAS - TERAPIAS	HEMATOLOGIA	VALINHOS	AVENIDA JULIO DE MESQUITA 571	CAMBUI	13025063	19-25141555;	CRM-SP 96624
CLINICA MEDICA MEDEIROS	CONSULTORIOS - CLINICAS - TERAPIAS	HEMATOLOGIA	VALINHOS	RUA FREI ANTONIO DE PADUA 1263	JARDIM GUANABARA	13073330	19-32435917;19-32038272;19-998246994;	
CENTRO DE DESOSPITALIZACAO HUMANA - VIVER	CONSULTORIOS - CLINICAS - TERAPIAS	HEMATOLOGIA PEDIATRICA	VALINHOS	RUA CAMARGO PAES 776	JARDIM GUANABARA	13073350	19-25116989;19-25126989;	CRM-SP 51466
ASM - UNIDADE AVANCADA MADRE THEODORA	CONSULTORIOS - CLINICAS - TERAPIAS	HEPATOLOGIA	VALINHOS	AVENIDA DOUTOR MORAES SALLES 2371	NOVA CAMPINAS	13092111	19-30032704;	CRM-SP 930040
HEP CENTRO SERVICOS MEDICOS	CONSULTORIOS - CLINICAS - TERAPIAS	HEPATOLOGIA	VALINHOS	AVENIDA ANDRADE NEVES 2412	JARDIM CHAPADAO	13070001	19-32121513;	CRM
CASA DE SAUDE	CONSULTORIOS - CLINICAS - TERAPIAS	HOMEOPATIA	VALINHOS	PRAÇA DOUTOR TOFFOLI 28	CENTRO	13015240	19-37363400;	CRM-SP 149367
CENTRO MEDICO HOMEOPATICO DE CAMPINAS	CONSULTORIOS - CLINICAS - TERAPIAS	HOMEOPATIA	VALINHOS	RUA CAMARGO PAES 642	JARDIM GUANABARA	13073350	19-32335513;	
GLAUCIO COSTA DE OLIVEIRA	CONSULTORIOS - CLINICAS - TERAPIAS	HOMEOPATIA	VALINHOS	RUA MARIA MONTEIRO 1016	CAMBUI	13025151	19-37058800;19-32948156;	CRM-SP 75106
PAULO DE TARSO SEIXAS	CONSULTORIOS - CLINICAS - TERAPIAS	HOMEOPATIA	VALINHOS	RUA GONCALVES CESAR 383	JARDIM GUANABARA	13073230	19-32422625;	CRM-SP 60922
VITOR JOSE FANTINATO PANSANI	CONSULTORIOS - CLINICAS - TERAPIAS	HOMEOPATIA	VALINHOS	RUA VISCONDE DE TAUNAY 305	VILA ITAPURA	13023200	19-32319542;19-32365915;	CRM-SP 32449
MARCIA FINUCCI	CONSULTORIOS - CLINICAS - TERAPIAS	HOMEOPATIA PEDIATRICA	VALINHOS	RUA VISCONDE DE TAUNAY 421	VILA ITAPURA	13023200	19-32376426;19-32352858;19-992067211;	CRM-SP 57581
PAULO DE TARSO SEIXAS	CONSULTORIOS - CLINICAS - TERAPIAS	HOMEOPATIA PEDIATRICA	VALINHOS	RUA GONCALVES CESAR 383	JARDIM GUANABARA	13073230	19-32422625;	CRM-SP 60922
CENTRO DE DESOSPITALIZACAO HUMANA - VIVER	CONSULTORIOS - CLINICAS - TERAPIAS	INFECTOLOGIA	VALINHOS	RUA CAMARGO PAES 776	JARDIM GUANABARA	13073350	19-25116989;19-25126989;	CRM-SP 51466
CASA DE SAUDE	CONSULTORIOS - CLINICAS - TERAPIAS	INFECTOLOGIA	VALINHOS	PRAÇA DOUTOR TOFFOLI 28	CENTRO	13015240	19-37363400;	CRM-SP 149367
CONEXA SAUDE	CONSULTORIOS - CLINICAS - TERAPIAS	INFECTOLOGIA	VALINHOS	RUA ATENDIMENTO EXCLUSIVO ON-LINE	VILA ITAPURA	13023200		CRM-SP 1006122
LEME QUEZADA PRESTADORA SERVICOS MEDICOS	CONSULTORIOS - CLINICAS - TERAPIAS	INFECTOLOGIA	VALINHOS	RUA SACRAMENTO 928	VILA ITAPURA	13023185	19-984488688;15-981135687;15-981836060;	
ASM - UNIDADE AVANCADA MADRE THEODORA	CONSULTORIOS - CLINICAS - TERAPIAS	MASTOLOGIA	VALINHOS	AVENIDA DOUTOR MORAES SALLES 2371	NOVA CAMPINAS	13092111	19-30032704;	CRM-SP 930040
CLINICA MEDICA MANENTE LIMITADA	CONSULTORIOS - CLINICAS - TERAPIAS	MASTOLOGIA	VALINHOS	AVENIDA JOSE BONIFACIO 2296	JARDIM DAS PAINEIRAS	13092305	19-32556711;	
CONEXA SAUDE	CONSULTORIOS - CLINICAS - TERAPIAS	MASTOLOGIA	VALINHOS	RUA ATENDIMENTO EXCLUSIVO ON-LINE	VILA ITAPURA	13023200		CRM-SP 1006122
SYMCO MEDICINA	CONSULTORIOS - CLINICAS - TERAPIAS	MASTOLOGIA	VALINHOS	RUA CORONEL QUIRINO 1483	CAMBUI	13025002	19-32556764;19-994715639;	
CONEXA SAUDE	CONSULTORIOS - CLINICAS - TERAPIAS	MEDICINA DE FAMILIA	VALINHOS	RUA ATENDIMENTO EXCLUSIVO ON-LINE	VILA ITAPURA	13023200		CRM-SP 1006122
ASM - UNIDADE AVANCADA MADRE THEODORA	CONSULTORIOS - CLINICAS - TERAPIAS	NEFROLOGIA	VALINHOS	AVENIDA DOUTOR MORAES SALLES 2371	NOVA CAMPINAS	13092111	19-30032704;	CRM-SP 930040
NEFROCAMP NEFROLOGISTAS ASSOCIADOS	CONSULTORIOS - CLINICAS - TERAPIAS	NEFROLOGIA	VALINHOS	RUA BARBOSA DA CUNHA 603	JARDIM GUANABARA	13073320	19-32120379;19-32430543;	CRM-SP 89089
NEFROCAMP NEFROLOGISTAS ASSOCIADOS	CONSULTORIOS - CLINICAS - TERAPIAS	NEFROLOGIA PEDIATRICA	VALINHOS	RUA BARBOSA DA CUNHA 603	JARDIM GUANABARA	13073320	19-32120379;19-32430543;	CRM-SP 89089
ASM - UNIDADE AVANCADA MADRE THEODORA	CONSULTORIOS - CLINICAS - TERAPIAS	NEUROCIRURGIA	VALINHOS	AVENIDA DOUTOR MORAES SALLES 2371	NOVA CAMPINAS	13092111	19-30032704;	CRM-SP 930040
JOSE HENRIQUE FIGUEIREDO RACHED	CONSULTORIOS - CLINICAS - TERAPIAS	NEUROCIRURGIA	VALINHOS	AVENIDA BARAO DE ITAPURA 385	BOTAFOGO	13020430	19-32314110;19-32349498;	CRM-SP 64247
CASA DE SAUDE	CONSULTORIOS - CLINICAS - TERAPIAS	NEUROCIRURGIA	VALINHOS	PRAÇA DOUTOR TOFFOLI 28	CENTRO	13015240	19-37363400;	CRM-SP 149367
CENTRO DE ORTOP E FRATURAS VALINHOS	CONSULTORIOS - CLINICAS - TERAPIAS	NEUROCIRURGIA	VALINHOS	AVENIDA AV ONZE DE AGOSTO 2035	VILA EMBARE	13276130	19-38696688;	CRM-SP
LEME QUEZADA PRESTADORA SERVICOS MEDICOS	CONSULTORIOS - CLINICAS - TERAPIAS	NEUROCIRURGIA	VALINHOS	RUA SACRAMENTO 928	VILA ITAPURA	13023185	19-984488688;15-981135687;15-981836060;	
CENTRO DE DESOSPITALIZACAO HUMANA - VIVER	CONSULTORIOS - CLINICAS - TERAPIAS	NEUROCIRURGIA PEDIATRICA	VALINHOS	RUA CAMARGO PAES 776	JARDIM GUANABARA	13073350	19-25116989;19-25126989;	CRM-SP 51466
AMIL - POLICLINICA DE VINHEDO	CONSULTORIOS - CLINICAS - TERAPIAS	NEUROLOGIA	VALINHOS	RUA MANOEL MATHEUS 1473	CENTRO	13280970	11-45831216;	
ASM - UNIDADE AVANCADA MADRE THEODORA	CONSULTORIOS - CLINICAS - TERAPIAS	NEUROLOGIA	VALINHOS	AVENIDA DOUTOR MORAES SALLES 2371	NOVA CAMPINAS	13092111	19-30032704;	CRM-SP 930040
JOSE HENRIQUE FIGUEIREDO RACHED	CONSULTORIOS - CLINICAS - TERAPIAS	NEUROLOGIA	VALINHOS	AVENIDA BARAO DE ITAPURA 385	BOTAFOGO	13020430	19-32314110;19-32349498;	CRM-SP 64247
CASA DE SAUDE	CONSULTORIOS - CLINICAS - TERAPIAS	NEUROLOGIA	VALINHOS	PRAÇA DOUTOR TOFFOLI 28	CENTRO	13015240	19-37363400;	CRM-SP 149367
CENTRO INTEGRADO NEUROLOGIA DE CAMPINAS	CONSULTORIOS - CLINICAS - TERAPIAS	NEUROLOGIA	VALINHOS	RUA DOUTOR CLEMENTE FERREIRA 44	BOTAFOGO	13020120	19-33975186;19-25126212;	
CONEXA SAUDE	CONSULTORIOS - CLINICAS - TERAPIAS	NEUROLOGIA	VALINHOS	RUA ATENDIMENTO EXCLUSIVO ON-LINE	VILA ITAPURA	13023200		CRM-SP 1006122
LEME QUEZADA PRESTADORA SERVICOS MEDICOS	CONSULTORIOS - CLINICAS - TERAPIAS	NEUROLOGIA	VALINHOS	RUA SACRAMENTO 928	VILA ITAPURA	13023185	19-984488688;15-981135687;15-981836060;	
JOSE HENRIQUE FIGUEIREDO RACHED	CONSULTORIOS - CLINICAS - TERAPIAS	NEUROLOGIA PEDIATRICA	VALINHOS	AVENIDA BARAO DE ITAPURA 385	BOTAFOGO	13020430	19-32314110;19-32349498;	CRM-SP 64247
CENTRO INTEGRADO NEUROLOGIA DE CAMPINAS	CONSULTORIOS - CLINICAS - TERAPIAS	NEUROLOGIA PEDIATRICA	VALINHOS	RUA DOUTOR CLEMENTE FERREIRA 44	BOTAFOGO	13020120	19-33975186;19-25126212;	
LEME QUEZADA PRESTADORA SERVICOS MEDICOS	CONSULTORIOS - CLINICAS - TERAPIAS	NEUROLOGIA PEDIATRICA	VALINHOS	RUA SACRAMENTO 928	VILA ITAPURA	13023185	19-984488688;15-981135687;15-981836060;	
AMIL - POLICLINICA DE VINHEDO	CONSULTORIOS - CLINICAS - TERAPIAS	NUTRICAO	VALINHOS	RUA MANOEL MATHEUS 1473	CENTRO	13280970	11-45831216;	
CETE CENTRO ESP DE TERAPIA E ESTIM	CONSULTORIOS - CLINICAS - TERAPIAS	NUTRICAO	VALINHOS	AVENIDA FRANCISCO JOSE DE CAMARGO ANDRADE 358	JARDIM CHAPADAO	13070055	19-32416050;19-33427730;	
KIKLOS SAUDE CAMPINAS	CONSULTORIOS - CLINICAS - TERAPIAS	NUTRICAO	VALINHOS	AVENIDA JOSE BONIFACIO 718	JARDIM FLAMBOYANT	13091140	19-33427910;	CRFA-SP 4436
CI - SANTA CLARA	CONSULTORIOS - CLINICAS - TERAPIAS	NUTRICAO	VALINHOS	AVENIDA FRANCISCO GLICERIO 1867	CENTRO	13012000	19-32341187;	
CLINICA AUN	CONSULTORIOS - CLINICAS - TERAPIAS	NUTRICAO	VALINHOS	RUA BARAO DE ATIBAIA 80	VILA ITAPURA	13023010	19-32325825;19-32327268;	CRM-SP 94323
CLINICA E LABORATORIO DA VITA	CONSULTORIOS - CLINICAS - TERAPIAS	NUTRICAO	VALINHOS	RODOVIA VISCONDE DE PORTO SEGURO 1751	SITIO RECREIO DOS CAFEZAIS	13278327		
CLINICA MANNINA	CONSULTORIOS - CLINICAS - TERAPIAS	NUTRICAO	VALINHOS	RUA AMELIA BUENO 159	TAQUARAL	13076050	19-33052632;19-989219616;19-994294222;	
CONEXA SAUDE	CONSULTORIOS - CLINICAS - TERAPIAS	NUTRICAO	VALINHOS	RUA ATENDIMENTO EXCLUSIVO ON-LINE	VILA ITAPURA	13023200		CRM-SP 1006122
EDVANIA SOARES DE SOUZA	CONSULTORIOS - CLINICAS - TERAPIAS	NUTRICAO	VALINHOS	RUA SANTA CRUZ 897	CENTRO	13280000	11-34415088;11-918939915;	
ENTRE SAUDE MENTAL E QUALIDADE DE VIDA	CONSULTORIOS - CLINICAS - TERAPIAS	NUTRICAO	VALINHOS	RUA VICENTE ROTELLA 60	CENTRO	13280000	19-38362498;	
FISIOCLINICA VINHEDO	CONSULTORIOS - CLINICAS - TERAPIAS	NUTRICAO	VALINHOS	RUA ANTONIO VON ZUBEN 433	CENTRO	13280000	19-38760131;	
CL MED VALBERT DE CASTRO SS LTDA	CONSULTORIOS - CLINICAS - TERAPIAS	NUTROLOGIA	VALINHOS	AVENIDA FRANCISCO GLICERIO 2331	VILA ITAPURA	13023101	19-32335601;	CRM-SP 961484
CONEXA SAUDE	CONSULTORIOS - CLINICAS - TERAPIAS	NUTROLOGIA	VALINHOS	RUA ATENDIMENTO EXCLUSIVO ON-LINE	VILA ITAPURA	13023200		CRM-SP 1006122
LEME QUEZADA PRESTADORA SERVICOS MEDICOS	CONSULTORIOS - CLINICAS - TERAPIAS	NUTROLOGIA	VALINHOS	RUA SACRAMENTO 928	VILA ITAPURA	13023185	19-984488688;15-981135687;15-981836060;	
AMIL - POLICLINICA DE VINHEDO	CONSULTORIOS - CLINICAS - TERAPIAS	OBSTETRICIA	VALINHOS	RUA MANOEL MATHEUS 1473	CENTRO	13280970	11-45831216;	
ANDREA PEREIRA FRIAS SARTORELLI	CONSULTORIOS - CLINICAS - TERAPIAS	OFTALMOLOGIA	VALINHOS	RUA ADEMAR PEREIRA DE BARROS 21	CENTRO	13201796	11-45226184;	CRM-SP 83438
CCMC DR ARMANDO SIGNORELLI JR	CONSULTORIOS - CLINICAS - TERAPIAS	OFTALMOLOGIA	VALINHOS	RUA RUA MAJOR SOLON 367	CAMBUI	13024091	19-32344040;	
CLINICA DE OFTALMOLOGIA NOVA CAMPINAS	CONSULTORIOS - CLINICAS - TERAPIAS	OFTALMOLOGIA	VALINHOS	RUA VISCONDESSA DE CAMPINAS 399	NOVA CAMPINAS	13092135	19-37947676;	
CONEXA SAUDE	CONSULTORIOS - CLINICAS - TERAPIAS	OFTALMOLOGIA	VALINHOS	RUA ATENDIMENTO EXCLUSIVO ON-LINE	VILA ITAPURA	13023200		CRM-SP 1006122
DERMAVISUS - CENTRO DE DERMATOLOGIA & OFTAMOLOGIA	CONSULTORIOS - CLINICAS - TERAPIAS	OFTALMOLOGIA	VALINHOS	AVENIDA DOUTOR MORAES SALES 1136	CENTRO	13010001		
DUO CENTER OFTALMOLOGIA	CONSULTORIOS - CLINICAS - TERAPIAS	OFTALMOLOGIA	VALINHOS	AVENIDA BENJAMIN CONSTANT 2 ANDAR 1134	CENTRO	13010141		CRM-SP 79685
FERNANDO ROSAS GROTTO	CONSULTORIOS - CLINICAS - TERAPIAS	OFTALMOLOGIA	VALINHOS	RUA R CORONEL QUIRINO 1616	CAMBUI	13025002	19-32515460;19-32555504;	CRM-SP 43745
GILVANO AMORIM OLIVEIRA	CONSULTORIOS - CLINICAS - TERAPIAS	OFTALMOLOGIA	VALINHOS	AVENIDA ONZE DE AGOSTO 1451	VILA CLAYTON	13276130	19-33276981;	
IOV - INSTITUTO OFTALMOLOGICO DE VALINHOS	CONSULTORIOS - CLINICAS - TERAPIAS	OFTALMOLOGIA	VALINHOS	AVENIDA JOAQUIM ALVES CORREA 4803	PARQUE NOVA SUICA	13271430	19-32444171;	
MARCAL PORTO OFTALMOLOGIA	CONSULTORIOS - CLINICAS - TERAPIAS	OFTALMOLOGIA	VALINHOS	RUA JOHN KENNEDY 99	CENTRO	13280970	19-38763424;19-38766556;	
MC MENDES SERVICOS MEDICOS	CONSULTORIOS - CLINICAS - TERAPIAS	OFTALMOLOGIA	VALINHOS	RUA TREZE DE MAIO 159	CENTRO	13270020	19-32442706;	
VER MAIS OFTALMOLOGIA	CONSULTORIOS - CLINICAS - TERAPIAS	OFTALMOLOGIA	VALINHOS	RUA DOM NERY 745	VILA EMBARE	13271170	11-69659446;	
ASM - UNIDADE AVANCADA MADRE THEODORA	CONSULTORIOS - CLINICAS - TERAPIAS	ONCOLOGIA	VALINHOS	AVENIDA DOUTOR MORAES SALLES 2371	NOVA CAMPINAS	13092111	19-30032704;	CRM-SP 930040
ASM - UNIDADE AVANCADA MADRE THEODORA	CONSULTORIOS - CLINICAS - TERAPIAS	ORTOPEDIA - CIRURGIA DA MAO	VALINHOS	AVENIDA DOUTOR MORAES SALLES 2371	NOVA CAMPINAS	13092111	19-30032704;	CRM-SP 930040
CENTRO DE ORTOP E FRATURAS VALINHOS	CONSULTORIOS - CLINICAS - TERAPIAS	ORTOPEDIA - CIRURGIA DA MAO	VALINHOS	AVENIDA AV ONZE DE AGOSTO 2035	VILA EMBARE	13276130	19-38696688;	CRM-SP
ORTO CLINICA CAMPINAS	CONSULTORIOS - CLINICAS - TERAPIAS	ORTOPEDIA - CIRURGIA DA MAO	VALINHOS	AVENIDA BARAO DE ITAPURA 685	BOTAFOGO	13020431		
ORTO CLINICA CAMPINAS	CONSULTORIOS - CLINICAS - TERAPIAS	ORTOPEDIA - CIRURGIA DE PE E TORNOZELO	VALINHOS	AVENIDA BARAO DE ITAPURA 685	BOTAFOGO	13020431		
ORTO CLINICA CAMPINAS	CONSULTORIOS - CLINICAS - TERAPIAS	ORTOPEDIA - CIRURGIA DE QUADRIL	VALINHOS	AVENIDA BARAO DE ITAPURA 685	BOTAFOGO	13020431		
ORTO CLINICA CAMPINAS	CONSULTORIOS - CLINICAS - TERAPIAS	ORTOPEDIA - CIRURGIA DO JOELHO	VALINHOS	AVENIDA BARAO DE ITAPURA 685	BOTAFOGO	13020431		
ORTO CLINICA CAMPINAS	CONSULTORIOS - CLINICAS - TERAPIAS	ORTOPEDIA - CIRURGIA DO OMBRO	VALINHOS	AVENIDA BARAO DE ITAPURA 685	BOTAFOGO	13020431		
AMIL - POLICLINICA DE VINHEDO	CONSULTORIOS - CLINICAS - TERAPIAS	ORTOPEDIA E TRAUMATOLOGIA	VALINHOS	RUA MANOEL MATHEUS 1473	CENTRO	13280970	11-45831216;	
ASM - UNIDADE AVANCADA MADRE THEODORA	CONSULTORIOS - CLINICAS - TERAPIAS	ORTOPEDIA E TRAUMATOLOGIA	VALINHOS	AVENIDA DOUTOR MORAES SALLES 2371	NOVA CAMPINAS	13092111	19-30032704;	CRM-SP 930040
CETE CENTRO ESP DE TERAPIA E ESTIM	CONSULTORIOS - CLINICAS - TERAPIAS	ORTOPEDIA E TRAUMATOLOGIA	VALINHOS	AVENIDA FRANCISCO JOSE DE CAMARGO ANDRADE 358	JARDIM CHAPADAO	13070055	19-32416050;19-33427730;	
CENTRO DE ORTOP E FRATURAS VALINHOS	CONSULTORIOS - CLINICAS - TERAPIAS	ORTOPEDIA E TRAUMATOLOGIA	VALINHOS	AVENIDA AV ONZE DE AGOSTO 2035	VILA EMBARE	13276130	19-38696688;	CRM-SP
CLINICA DE FRATURAS E ORTOPEDIA VINHEDO	CONSULTORIOS - CLINICAS - TERAPIAS	ORTOPEDIA E TRAUMATOLOGIA	VALINHOS	RUA ANTONIO VON ZUBEN 79	SANTA ROSA	13289060	19-38861868;19-38861870;	
MEDICINA NELSON FAIDIGA & FILHOS ASS EPP	CONSULTORIOS - CLINICAS - TERAPIAS	ORTOPEDIA E TRAUMATOLOGIA	VALINHOS	RUA FERNANDO COSTA 858	CENTRO	13280000	19-38763020;19-38763045;	CRM-SP 30765
OC ORTOPEDIA CAMPINAS	CONSULTORIOS - CLINICAS - TERAPIAS	ORTOPEDIA E TRAUMATOLOGIA	VALINHOS	RUA SALDANHA MARINHO 1222	BOTAFOGO	13013081	19-32320977;19-32320550;	
ORTO CLINICA CAMPINAS	CONSULTORIOS - CLINICAS - TERAPIAS	ORTOPEDIA E TRAUMATOLOGIA	VALINHOS	AVENIDA BARAO DE ITAPURA 685	BOTAFOGO	13020431		
THIAGO DIAS MONTEIRO DA SILVA	CONSULTORIOS - CLINICAS - TERAPIAS	ORTOPEDIA E TRAUMATOLOGIA	VALINHOS	AVENIDA DOUTOR JESUINO MARCONDES MACHADO 540	NOVA CAMPINAS	13092108		CRM-SP 118944
AMIL - POLICLINICA DE VINHEDO	CONSULTORIOS - CLINICAS - TERAPIAS	OTORRINOLARINGOLOGIA	VALINHOS	RUA MANOEL MATHEUS 1473	CENTRO	13280970	11-45831216;	
CASA DE SAUDE	CONSULTORIOS - CLINICAS - TERAPIAS	OTORRINOLARINGOLOGIA	VALINHOS	PRAÇA DOUTOR TOFFOLI 28	CENTRO	13015240	19-37363400;	CRM-SP 149367
CLINICA MEDICA OTONEURO	CONSULTORIOS - CLINICAS - TERAPIAS	OTORRINOLARINGOLOGIA	VALINHOS	RUA SACRAMENTO 900	CENTRO	13010210	19-32325097;19-32320737;	CRM-SP 43702
CLINICA DE OTORRINOLARINGOLOGIA DO INSTITUTO PENIDO BURNIER	CONSULTORIOS - CLINICAS - TERAPIAS	OTORRINOLARINGOLOGIA	VALINHOS	AVENIDA ANDRADE NEVES 611	CENTRO	13013160	19-37391020;	CRM-SP 61691
CLINICA DE SAUDE INTEGRADA CAMPINAS	CONSULTORIOS - CLINICAS - TERAPIAS	OTORRINOLARINGOLOGIA	VALINHOS	AVENIDA INDEPENDENCIA 4760	JARDIM ITALIA	13280000	19-38467951;19-38467910;	
CLINICA MEIRELLES	CONSULTORIOS - CLINICAS - TERAPIAS	OTORRINOLARINGOLOGIA	VALINHOS	AVENIDA INDEPENDENCIA 4727	CENTRO	13280000	19-38764542;19-38763545;19-38766140;	
JOSE GILBERTO SCANDIUCCI	CONSULTORIOS - CLINICAS - TERAPIAS	OTORRINOLARINGOLOGIA	VALINHOS	RUA JOSE PAULINO 1747	VILA ITAPURA	13023102	19-32341194;19-33429971;19-33429972;19-32369918;	
CONEXA SAUDE	CONSULTORIOS - CLINICAS - TERAPIAS	OTORRINOLARINGOLOGIA PEDIATRICA	VALINHOS	RUA ATENDIMENTO EXCLUSIVO ON-LINE	VILA ITAPURA	13023200		CRM-SP 1006122
AMIL - POLICLINICA DE VINHEDO	CONSULTORIOS - CLINICAS - TERAPIAS	PEDIATRIA	VALINHOS	RUA MANOEL MATHEUS 1473	CENTRO	13280970	11-45831216;	
CENTRO DE DESOSPITALIZACAO HUMANA - VIVER	CONSULTORIOS - CLINICAS - TERAPIAS	PEDIATRIA	VALINHOS	RUA CAMARGO PAES 776	JARDIM GUANABARA	13073350	19-25116989;19-25126989;	CRM-SP 51466
CAMILA REBELO NICOLAU	CONSULTORIOS - CLINICAS - TERAPIAS	PEDIATRIA	VALINHOS	RUA LUIZ SPIANDORELLI NETO 60	LOTEAMENTO PAIQUERE	13271570	19-32992112;	CRM-SP 122809
CI - SANTA CLARA	CONSULTORIOS - CLINICAS - TERAPIAS	PEDIATRIA	VALINHOS	AVENIDA FRANCISCO GLICERIO 1867	CENTRO	13012000	19-32341187;	
CLINICA AUN	CONSULTORIOS - CLINICAS - TERAPIAS	PEDIATRIA	VALINHOS	RUA BARAO DE ATIBAIA 80	VILA ITAPURA	13023010	19-32325825;19-32327268;	CRM-SP 94323
CLINICA MEDICA CARVALHO & NASSER	CONSULTORIOS - CLINICAS - TERAPIAS	PEDIATRIA	VALINHOS	RUA LUIZ SPIANDORELLI NETO 30	LOTEAMENTO PAIQUERE	13271570	19-38712540;19-38497634;19-38716457;	
CLINICA MEDICA E DERMATOLOGICA AVANCADA	CONSULTORIOS - CLINICAS - TERAPIAS	PEDIATRIA	VALINHOS	RUA ITALIA 274	JARDIM RIBEIRO	13270180	19-38496221;19-33274838;	
CLINICA MEDICA MEDEIROS	CONSULTORIOS - CLINICAS - TERAPIAS	PEDIATRIA	VALINHOS	RUA FREI ANTONIO DE PADUA 1263	JARDIM GUANABARA	13073330	19-32435917;19-32038272;19-998246994;	
DANILO CEREJA JABALI	CONSULTORIOS - CLINICAS - TERAPIAS	PEDIATRIA	VALINHOS	RUA AUFERIS DOMINGOS 55	CAMBUI	13025003	19-32542166;19-32542436;	CRM-SP 70771
FATIMA CRISTINA DE FREITAS WHITACKER	CONSULTORIOS - CLINICAS - TERAPIAS	PEDIATRIA	VALINHOS	RUA FREI MANOEL DA RESSURREICAO 526	JARDIM GUANABARA	13073221	19-32317742;19-32352025;	
ASM - UNIDADE AVANCADA MADRE THEODORA	CONSULTORIOS - CLINICAS - TERAPIAS	PNEUMOLOGIA	VALINHOS	AVENIDA DOUTOR MORAES SALLES 2371	NOVA CAMPINAS	13092111	19-30032704;	CRM-SP 930040
CASA DE SAUDE	CONSULTORIOS - CLINICAS - TERAPIAS	PNEUMOLOGIA	VALINHOS	PRAÇA DOUTOR TOFFOLI 28	CENTRO	13015240	19-37363400;	CRM-SP 149367
DULCE CORREA MAMPRIM PILOTO	CONSULTORIOS - CLINICAS - TERAPIAS	PNEUMOLOGIA	VALINHOS	AVENIDA ANDRADE NEVES 699	CENTRO	13013161	19-21218044;	CRM-SP 39120
RUI ALMEIDA COATTI	CONSULTORIOS - CLINICAS - TERAPIAS	PNEUMOLOGIA	VALINHOS	RUA DUQUE DE CAXIAS 780	CENTRO	13015311	19-32343244;	CRM-SP 18459
RUI ALMEIDA COATTI	CONSULTORIOS - CLINICAS - TERAPIAS	PNEUMOLOGIA PEDIATRICA	VALINHOS	RUA DUQUE DE CAXIAS 780	CENTRO	13015311	19-32343244;	CRM-SP 18459
ASM - UNIDADE AVANCADA MADRE THEODORA	CONSULTORIOS - CLINICAS - TERAPIAS	PROCTOLOGIA	VALINHOS	AVENIDA DOUTOR MORAES SALLES 2371	NOVA CAMPINAS	13092111	19-30032704;	CRM-SP 930040
CLINICA AUN	CONSULTORIOS - CLINICAS - TERAPIAS	PROCTOLOGIA	VALINHOS	RUA BARAO DE ATIBAIA 80	VILA ITAPURA	13023010	19-32325825;19-32327268;	CRM-SP 94323
CLINICA DE GASTROENTEROLOGIA E PROCTOLOGIA DE CAMPINAS	CONSULTORIOS - CLINICAS - TERAPIAS	PROCTOLOGIA	VALINHOS	RUA JOSE PAULINO 2223	VILA ITAPURA	13023102	19-32332844;19-32540952;	
CLINICA MANNINA	CONSULTORIOS - CLINICAS - TERAPIAS	PROCTOLOGIA	VALINHOS	RUA AMELIA BUENO 159	TAQUARAL	13076050	19-33052632;19-989219616;19-994294222;	
CONEXA SAUDE	CONSULTORIOS - CLINICAS - TERAPIAS	PROCTOLOGIA	VALINHOS	RUA ATENDIMENTO EXCLUSIVO ON-LINE	VILA ITAPURA	13023200		CRM-SP 1006122
AMIL - POLICLINICA DE VINHEDO	CONSULTORIOS - CLINICAS - TERAPIAS	PSICOLOGIA	VALINHOS	RUA MANOEL MATHEUS 1473	CENTRO	13280970	11-45831216;	
CETE CENTRO ESP DE TERAPIA E ESTIM	CONSULTORIOS - CLINICAS - TERAPIAS	PSICOLOGIA	VALINHOS	AVENIDA FRANCISCO JOSE DE CAMARGO ANDRADE 358	JARDIM CHAPADAO	13070055	19-32416050;19-33427730;	
KIKLOS SAUDE CAMPINAS	CONSULTORIOS - CLINICAS - TERAPIAS	PSICOLOGIA	VALINHOS	AVENIDA JOSE BONIFACIO 718	JARDIM FLAMBOYANT	13091140	19-33427910;	CRFA-SP 4436
CI - SANTA CLARA	CONSULTORIOS - CLINICAS - TERAPIAS	PSICOLOGIA	VALINHOS	AVENIDA FRANCISCO GLICERIO 1867	CENTRO	13012000	19-32341187;	
CLAUDIA HELENA CARBONI	CONSULTORIOS - CLINICAS - TERAPIAS	PSICOLOGIA	VALINHOS	AVENIDA DOUTOR JESUINO MARCONDES MACHADO 2358	CHACARA DA BARRA	13090723	19-32910246;	CRP-SP 28927
CLINICA AUN	CONSULTORIOS - CLINICAS - TERAPIAS	PSICOLOGIA	VALINHOS	RUA BARAO DE ATIBAIA 80	VILA ITAPURA	13023010	19-32325825;19-32327268;	CRM-SP 94323
CLINICA MANNINA	CONSULTORIOS - CLINICAS - TERAPIAS	PSICOLOGIA	VALINHOS	RUA AMELIA BUENO 159	TAQUARAL	13076050	19-33052632;19-989219616;19-994294222;	
DUO CENTER OFTALMOLOGIA	CONSULTORIOS - CLINICAS - TERAPIAS	PSICOLOGIA	VALINHOS	AVENIDA BENJAMIN CONSTANT 2 ANDAR 1134	CENTRO	13010141		CRM-SP 79685
ENTRE SAUDE MENTAL E QUALIDADE DE VIDA	CONSULTORIOS - CLINICAS - TERAPIAS	PSICOLOGIA	VALINHOS	RUA VICENTE ROTELLA 60	CENTRO	13280000	19-38362498;	
ESPACO BAMBINI	CONSULTORIOS - CLINICAS - TERAPIAS	PSICOLOGIA	VALINHOS	AVENIDA DERMIVAL BERNARDES SIQUEIRA 3276	SWISS PARK	13049252	19-983139019;	CRFA-SP 75927
FISIOCLINICA VINHEDO	CONSULTORIOS - CLINICAS - TERAPIAS	PSICOLOGIA	VALINHOS	RUA ANTONIO VON ZUBEN 433	CENTRO	13280000	19-38760131;	
LUCIMARIA TAVARES RANGEL	CONSULTORIOS - CLINICAS - TERAPIAS	PSICOLOGIA	VALINHOS	RUA DOUTOR GUILHERME DA SILVA 450	CAMBUI	13025070		CRP-SP 684978
UNA TERAPIAS INTERDISCIPLINARES	CONSULTORIOS - CLINICAS - TERAPIAS	PSICOLOGIA	VALINHOS	RUA JOAO GASPARINI 32	CENTRO	13280306		CRP-SP 06130927
AMIL - POLICLINICA DE VINHEDO	CONSULTORIOS - CLINICAS - TERAPIAS	PSIQUIATRIA	VALINHOS	RUA MANOEL MATHEUS 1473	CENTRO	13280970	11-45831216;	
PREPARO ASSISTENCIA MEDICA PSIQUIATRICA	CONSULTORIOS - CLINICAS - TERAPIAS	PSIQUIATRIA	VALINHOS	RUA CAMARGO PAES 568	JARDIM GUANABARA	13073350	19-32343173;	CRM 24969
CONEXA SAUDE	CONSULTORIOS - CLINICAS - TERAPIAS	PSIQUIATRIA	VALINHOS	RUA ATENDIMENTO EXCLUSIVO ON-LINE	VILA ITAPURA	13023200		CRM-SP 1006122
DUO CENTER OFTALMOLOGIA	CONSULTORIOS - CLINICAS - TERAPIAS	PSIQUIATRIA	VALINHOS	AVENIDA BENJAMIN CONSTANT 2 ANDAR 1134	CENTRO	13010141		CRM-SP 79685
ENTRE SAUDE MENTAL E QUALIDADE DE VIDA	CONSULTORIOS - CLINICAS - TERAPIAS	PSIQUIATRIA	VALINHOS	RUA VICENTE ROTELLA 60	CENTRO	13280000	19-38362498;	
AMIL - POLICLINICA DE VINHEDO	CONSULTORIOS - CLINICAS - TERAPIAS	REUMATOLOGIA	VALINHOS	RUA MANOEL MATHEUS 1473	CENTRO	13280970	11-45831216;	
ASM - UNIDADE AVANCADA MADRE THEODORA	CONSULTORIOS - CLINICAS - TERAPIAS	REUMATOLOGIA	VALINHOS	AVENIDA DOUTOR MORAES SALLES 2371	NOVA CAMPINAS	13092111	19-30032704;	CRM-SP 930040
CENTRO DE DESOSPITALIZACAO HUMANA - VIVER	CONSULTORIOS - CLINICAS - TERAPIAS	REUMATOLOGIA	VALINHOS	RUA CAMARGO PAES 776	JARDIM GUANABARA	13073350	19-25116989;19-25126989;	CRM-SP 51466
CASA DE SAUDE	CONSULTORIOS - CLINICAS - TERAPIAS	REUMATOLOGIA	VALINHOS	PRAÇA DOUTOR TOFFOLI 28	CENTRO	13015240	19-37363400;	CRM-SP 149367
CEPAR CENTRO PAULISTA	CONSULTORIOS - CLINICAS - TERAPIAS	REUMATOLOGIA	VALINHOS	AVENIDA AV INDEPENDENCIA 4399	JARDIM ITALIA	13280000	19-38863897;19-38262661;	CRM-SP
CLINICA MEDICA MEDEIROS	CONSULTORIOS - CLINICAS - TERAPIAS	REUMATOLOGIA	VALINHOS	RUA FREI ANTONIO DE PADUA 1263	JARDIM GUANABARA	13073330	19-32435917;19-32038272;19-998246994;	
ASM - UNIDADE AVANCADA MADRE THEODORA	CONSULTORIOS - CLINICAS - TERAPIAS	UROLOGIA	VALINHOS	AVENIDA DOUTOR MORAES SALLES 2371	NOVA CAMPINAS	13092111	19-30032704;	CRM-SP 930040
ADIL BARACAT SAMARA	CONSULTORIOS - CLINICAS - TERAPIAS	UROLOGIA	VALINHOS	RUA DOUTOR EMILIO RIBAS 765	CAMBUI	13025141	19-32519731;19-32556731;	
CASA DE SAUDE	CONSULTORIOS - CLINICAS - TERAPIAS	UROLOGIA	VALINHOS	PRAÇA DOUTOR TOFFOLI 28	CENTRO	13015240	19-37363400;	CRM-SP 149367
MEDICINA NELSON FAIDIGA & FILHOS ASS EPP	CONSULTORIOS - CLINICAS - TERAPIAS	UROLOGIA	VALINHOS	RUA FERNANDO COSTA 858	CENTRO	13280000	19-38763020;19-38763045;	CRM-SP 30765
SYMCO MEDICINA	CONSULTORIOS - CLINICAS - TERAPIAS	UROLOGIA	VALINHOS	RUA CORONEL QUIRINO 1483	CAMBUI	13025002	19-32556764;19-994715639;	
UNIDADE INTEGRADA DE UROLOGIA	CONSULTORIOS - CLINICAS - TERAPIAS	UROLOGIA	VALINHOS	RUA DOUTOR QUIRINO 292	CENTRO	13015080	19-32376713;19-32340135;	
UROCLINICA	CONSULTORIOS - CLINICAS - TERAPIAS	UROLOGIA	VALINHOS	AVENIDA BARAO DE ITAPURA 950	BOTAFOGO	13020431	19-32366970;19-33654220;19-33654265;	
URODERMA	CONSULTORIOS - CLINICAS - TERAPIAS	UROLOGIA	VALINHOS	AVENIDA JOAO ERBOLATO 281	JARDIM CHAPADAO	13070070	19-32130231;19-32315014;19-32131749;	
CASA DE SAUDE	HOSPITAIS PARA INTERNACAO	HOSPITAIS - CARDIOLOGIA	VALINHOS	PRAÇA DOUTOR TOFFOLI 28	CENTRO	13015240	19-37363400;	CRM-SP 149367
IRMANDADE DE SANTA CASA DE MISERICORDIA DE VALINHOS	HOSPITAIS PARA INTERNACAO	HOSPITAIS - CARDIOLOGIA	VALINHOS	AVENIDA ONZE DE AGOSTO 2745	VILA EMBARE	13271210	19-38695111;19-38296120;19-38296699;	CRM-SP 80898
CASA DE SAUDE	HOSPITAIS PARA INTERNACAO	HOSPITAIS - CIRURGIA CARDIACA ADULTO	VALINHOS	PRAÇA DOUTOR TOFFOLI 28	CENTRO	13015240	19-37363400;	CRM-SP 149367
IRMANDADE DE SANTA CASA DE MISERICORDIA DE VALINHOS	HOSPITAIS PARA INTERNACAO	HOSPITAIS - CIRURGIA CARDIACA ADULTO	VALINHOS	AVENIDA ONZE DE AGOSTO 2745	VILA EMBARE	13271210	19-38695111;19-38296120;19-38296699;	CRM-SP 80898
IRMANDADE DA SANTA CASA DE VINHEDO	HOSPITAIS PARA INTERNACAO	HOSPITAIS - CIRURGIA CARDIACA PEDIATRICA	VALINHOS	PRAÇA DR ABRHAO AUN 4705	BARRA FUNDA	13280000	19-38365750;	
CASA DE SAUDE	HOSPITAIS PARA INTERNACAO	HOSPITAIS - CIRURGIA CRANIO MAXILO FACIAL	VALINHOS	PRAÇA DOUTOR TOFFOLI 28	CENTRO	13015240	19-37363400;	CRM-SP 149367
IRMANDADE DE SANTA CASA DE MISERICORDIA DE VALINHOS	HOSPITAIS PARA INTERNACAO	HOSPITAIS - CIRURGIA CRANIO MAXILO FACIAL	VALINHOS	AVENIDA ONZE DE AGOSTO 2745	VILA EMBARE	13271210	19-38695111;19-38296120;19-38296699;	CRM-SP 80898
CASA DE SAUDE	HOSPITAIS PARA INTERNACAO	HOSPITAIS - CIRURGIA DE CABECA E PESCOCO	VALINHOS	PRAÇA DOUTOR TOFFOLI 28	CENTRO	13015240	19-37363400;	CRM-SP 149367
IRMANDADE DA SANTA CASA DE VINHEDO	HOSPITAIS PARA INTERNACAO	HOSPITAIS - CIRURGIA DE CABECA E PESCOCO	VALINHOS	PRAÇA DR ABRHAO AUN 4705	BARRA FUNDA	13280000	19-38365750;	
IRMANDADE DE SANTA CASA DE MISERICORDIA DE VALINHOS	HOSPITAIS PARA INTERNACAO	HOSPITAIS - CIRURGIA DE CABECA E PESCOCO	VALINHOS	AVENIDA ONZE DE AGOSTO 2745	VILA EMBARE	13271210	19-38695111;19-38296120;19-38296699;	CRM-SP 80898
CASA DE SAUDE	HOSPITAIS PARA INTERNACAO	HOSPITAIS - CIRURGIA DE MAMA	VALINHOS	PRAÇA DOUTOR TOFFOLI 28	CENTRO	13015240	19-37363400;	CRM-SP 149367
IRMANDADE DA SANTA CASA DE VINHEDO	HOSPITAIS PARA INTERNACAO	HOSPITAIS - CIRURGIA DE MAMA	VALINHOS	PRAÇA DR ABRHAO AUN 4705	BARRA FUNDA	13280000	19-38365750;	
IRMANDADE DE SANTA CASA DE MISERICORDIA DE VALINHOS	HOSPITAIS PARA INTERNACAO	HOSPITAIS - CIRURGIA DE MAMA	VALINHOS	AVENIDA ONZE DE AGOSTO 2745	VILA EMBARE	13271210	19-38695111;19-38296120;19-38296699;	CRM-SP 80898
IRMANDADE DA SANTA CASA DE VINHEDO	HOSPITAIS PARA INTERNACAO	HOSPITAIS - CIRURGIA DO APARELHO DIGESTIVO	VALINHOS	PRAÇA DR ABRHAO AUN 4705	BARRA FUNDA	13280000	19-38365750;	
IRMANDADE DE SANTA CASA DE MISERICORDIA DE VALINHOS	HOSPITAIS PARA INTERNACAO	HOSPITAIS - CIRURGIA DO APARELHO DIGESTIVO	VALINHOS	AVENIDA ONZE DE AGOSTO 2745	VILA EMBARE	13271210	19-38695111;19-38296120;19-38296699;	CRM-SP 80898
IRMANDADE DE SANTA CASA DE MISERICORDIA DE VALINHOS	HOSPITAIS PARA INTERNACAO	HOSPITAIS - CIRURGIA ORTOPEDICA	VALINHOS	AVENIDA ONZE DE AGOSTO 2745	VILA EMBARE	13271210	19-38695111;19-38296120;19-38296699;	CRM-SP 80898
CASA DE SAUDE	HOSPITAIS PARA INTERNACAO	HOSPITAIS - CIRURGIA PEDIATRICA	VALINHOS	PRAÇA DOUTOR TOFFOLI 28	CENTRO	13015240	19-37363400;	CRM-SP 149367
IRMANDADE DA SANTA CASA DE VINHEDO	HOSPITAIS PARA INTERNACAO	HOSPITAIS - CIRURGIA PEDIATRICA	VALINHOS	PRAÇA DR ABRHAO AUN 4705	BARRA FUNDA	13280000	19-38365750;	
IRMANDADE DE SANTA CASA DE MISERICORDIA DE VALINHOS	HOSPITAIS PARA INTERNACAO	HOSPITAIS - CIRURGIA PEDIATRICA	VALINHOS	AVENIDA ONZE DE AGOSTO 2745	VILA EMBARE	13271210	19-38695111;19-38296120;19-38296699;	CRM-SP 80898
CASA DE SAUDE	HOSPITAIS PARA INTERNACAO	HOSPITAIS - CIRURGIA PLASTICA REPARADORA	VALINHOS	PRAÇA DOUTOR TOFFOLI 28	CENTRO	13015240	19-37363400;	CRM-SP 149367
IRMANDADE DA SANTA CASA DE VINHEDO	HOSPITAIS PARA INTERNACAO	HOSPITAIS - CIRURGIA PLASTICA REPARADORA	VALINHOS	PRAÇA DR ABRHAO AUN 4705	BARRA FUNDA	13280000	19-38365750;	
IRMANDADE DE SANTA CASA DE MISERICORDIA DE VALINHOS	HOSPITAIS PARA INTERNACAO	HOSPITAIS - CIRURGIA PLASTICA REPARADORA	VALINHOS	AVENIDA ONZE DE AGOSTO 2745	VILA EMBARE	13271210	19-38695111;19-38296120;19-38296699;	CRM-SP 80898
CASA DE SAUDE	HOSPITAIS PARA INTERNACAO	HOSPITAIS - CIRURGIA VASCULAR	VALINHOS	PRAÇA DOUTOR TOFFOLI 28	CENTRO	13015240	19-37363400;	CRM-SP 149367
IRMANDADE DA SANTA CASA DE VINHEDO	HOSPITAIS PARA INTERNACAO	HOSPITAIS - CIRURGIA VASCULAR	VALINHOS	PRAÇA DR ABRHAO AUN 4705	BARRA FUNDA	13280000	19-38365750;	
IRMANDADE DE SANTA CASA DE MISERICORDIA DE VALINHOS	HOSPITAIS PARA INTERNACAO	HOSPITAIS - CIRURGIA VASCULAR	VALINHOS	AVENIDA ONZE DE AGOSTO 2745	VILA EMBARE	13271210	19-38695111;19-38296120;19-38296699;	CRM-SP 80898
CASA DE SAUDE	HOSPITAIS PARA INTERNACAO	HOSPITAIS - NEUROCIRURGIA	VALINHOS	PRAÇA DOUTOR TOFFOLI 28	CENTRO	13015240	19-37363400;	CRM-SP 149367
IRMANDADE DE SANTA CASA DE MISERICORDIA DE VALINHOS	HOSPITAIS PARA INTERNACAO	HOSPITAIS - NEUROCIRURGIA	VALINHOS	AVENIDA ONZE DE AGOSTO 2745	VILA EMBARE	13271210	19-38695111;19-38296120;19-38296699;	CRM-SP 80898
CLINICA DE OLHOS S RASKIN	HOSPITAIS PARA INTERNACAO	HOSPITAIS - OFTALMOLOGIA	VALINHOS	AVENIDA BARAO DE ITAPURA 1050	BOTAFOGO	13020432	19-37373131;	
IRMANDADE DA SANTA CASA DE VINHEDO	HOSPITAIS PARA INTERNACAO	HOSPITAIS - OFTALMOLOGIA	VALINHOS	PRAÇA DR ABRHAO AUN 4705	BARRA FUNDA	13280000	19-38365750;	
IRMANDADE DE SANTA CASA DE MISERICORDIA DE VALINHOS	HOSPITAIS PARA INTERNACAO	HOSPITAIS - OFTALMOLOGIA	VALINHOS	AVENIDA ONZE DE AGOSTO 2745	VILA EMBARE	13271210	19-38695111;19-38296120;19-38296699;	CRM-SP 80898
CASA DE SAUDE	HOSPITAIS PARA INTERNACAO	HOSPITAIS - ONCOLOGIA	VALINHOS	PRAÇA DOUTOR TOFFOLI 28	CENTRO	13015240	19-37363400;	CRM-SP 149367
IRMANDADE DE SANTA CASA DE MISERICORDIA DE VALINHOS	HOSPITAIS PARA INTERNACAO	HOSPITAIS - ONCOLOGIA	VALINHOS	AVENIDA ONZE DE AGOSTO 2745	VILA EMBARE	13271210	19-38695111;19-38296120;19-38296699;	CRM-SP 80898
CASA DE SAUDE	HOSPITAIS PARA INTERNACAO	HOSPITAIS - OTORRINOLARINGOLOGIA	VALINHOS	PRAÇA DOUTOR TOFFOLI 28	CENTRO	13015240	19-37363400;	CRM-SP 149367
IRMANDADE DA SANTA CASA DE VINHEDO	HOSPITAIS PARA INTERNACAO	HOSPITAIS - OTORRINOLARINGOLOGIA	VALINHOS	PRAÇA DR ABRHAO AUN 4705	BARRA FUNDA	13280000	19-38365750;	
IRMANDADE DE SANTA CASA DE MISERICORDIA DE VALINHOS	HOSPITAIS PARA INTERNACAO	HOSPITAIS - OTORRINOLARINGOLOGIA	VALINHOS	AVENIDA ONZE DE AGOSTO 2745	VILA EMBARE	13271210	19-38695111;19-38296120;19-38296699;	CRM-SP 80898
CASA DE SAUDE	HOSPITAIS PARA INTERNACAO	HOSPITAIS - PEDIATRIA	VALINHOS	PRAÇA DOUTOR TOFFOLI 28	CENTRO	13015240	19-37363400;	CRM-SP 149367
IRMANDADE DA SANTA CASA DE VINHEDO	HOSPITAIS PARA INTERNACAO	HOSPITAIS - PEDIATRIA	VALINHOS	PRAÇA DR ABRHAO AUN 4705	BARRA FUNDA	13280000	19-38365750;	
IRMANDADE DE SANTA CASA DE MISERICORDIA DE VALINHOS	HOSPITAIS PARA INTERNACAO	HOSPITAIS - PEDIATRIA	VALINHOS	AVENIDA ONZE DE AGOSTO 2745	VILA EMBARE	13271210	19-38695111;19-38296120;19-38296699;	CRM-SP 80898
CASA DE SAUDE	HOSPITAIS PARA INTERNACAO	HOSPITAIS - UROLOGIA	VALINHOS	PRAÇA DOUTOR TOFFOLI 28	CENTRO	13015240	19-37363400;	CRM-SP 149367
IRMANDADE DA SANTA CASA DE VINHEDO	HOSPITAIS PARA INTERNACAO	HOSPITAIS - UROLOGIA	VALINHOS	PRAÇA DR ABRHAO AUN 4705	BARRA FUNDA	13280000	19-38365750;	
IRMANDADE DE SANTA CASA DE MISERICORDIA DE VALINHOS	HOSPITAIS PARA INTERNACAO	HOSPITAIS - UROLOGIA	VALINHOS	AVENIDA ONZE DE AGOSTO 2745	VILA EMBARE	13271210	19-38695111;19-38296120;19-38296699;	CRM-SP 80898
CASA DE SAUDE	HOSPITAIS PARA INTERNACAO	HOSPITAIS GERAIS	VALINHOS	PRAÇA DOUTOR TOFFOLI 28	CENTRO	13015240	19-37363400;	CRM-SP 149367
IRMANDADE DA SANTA CASA DE VINHEDO	HOSPITAIS PARA INTERNACAO	HOSPITAIS GERAIS	VALINHOS	PRAÇA DR ABRHAO AUN 4705	BARRA FUNDA	13280000	19-38365750;	
IRMANDADE DE SANTA CASA DE MISERICORDIA DE VALINHOS	HOSPITAIS PARA INTERNACAO	HOSPITAIS GERAIS	VALINHOS	AVENIDA ONZE DE AGOSTO 2745	VILA EMBARE	13271210	19-38695111;19-38296120;19-38296699;	CRM-SP 80898
CASA DE SAUDE	HOSPITAIS PARA INTERNACAO	MATERNIDADES	VALINHOS	PRAÇA DOUTOR TOFFOLI 28	CENTRO	13015240	19-37363400;	CRM-SP 149367
IRMANDADE DA SANTA CASA DE VINHEDO	HOSPITAIS PARA INTERNACAO	MATERNIDADES	VALINHOS	PRAÇA DR ABRHAO AUN 4705	BARRA FUNDA	13280000	19-38365750;	
IRMANDADE DE SANTA CASA DE MISERICORDIA DE VALINHOS	HOSPITAIS PARA INTERNACAO	MATERNIDADES	VALINHOS	AVENIDA ONZE DE AGOSTO 2745	VILA EMBARE	13271210	19-38695111;19-38296120;19-38296699;	CRM-SP 80898
CASA DE SAUDE	PRONTO-SOCORRO 24H (URGENCIA E EMERGENCIA)	PRONTO SOCORRO ADULTO	VALINHOS	PRAÇA DOUTOR TOFFOLI 28	CENTRO	13015240	19-37363400;	CRM-SP 149367
IRMANDADE DA SANTA CASA DE VINHEDO	PRONTO-SOCORRO 24H (URGENCIA E EMERGENCIA)	PRONTO SOCORRO ADULTO	VALINHOS	PRAÇA DR ABRHAO AUN 4705	BARRA FUNDA	13280000	19-38365750;	
IRMANDADE DE SANTA CASA DE MISERICORDIA DE VALINHOS	PRONTO-SOCORRO 24H (URGENCIA E EMERGENCIA)	PRONTO SOCORRO ADULTO	VALINHOS	AVENIDA ONZE DE AGOSTO 2745	VILA EMBARE	13271210	19-38695111;19-38296120;19-38296699;	CRM-SP 80898
CASA DE SAUDE	PRONTO-SOCORRO 24H (URGENCIA E EMERGENCIA)	PRONTO SOCORRO CARDIOLOGICO	VALINHOS	PRAÇA DOUTOR TOFFOLI 28	CENTRO	13015240	19-37363400;	CRM-SP 149367
CASA DE SAUDE	PRONTO-SOCORRO 24H (URGENCIA E EMERGENCIA)	PRONTO SOCORRO GINECOLOGICO	VALINHOS	PRAÇA DOUTOR TOFFOLI 28	CENTRO	13015240	19-37363400;	CRM-SP 149367
IRMANDADE DA SANTA CASA DE VINHEDO	PRONTO-SOCORRO 24H (URGENCIA E EMERGENCIA)	PRONTO SOCORRO GINECOLOGICO	VALINHOS	PRAÇA DR ABRHAO AUN 4705	BARRA FUNDA	13280000	19-38365750;	
CASA DE SAUDE	PRONTO-SOCORRO 24H (URGENCIA E EMERGENCIA)	PRONTO SOCORRO INFANTIL (PEDIATRICO)	VALINHOS	PRAÇA DOUTOR TOFFOLI 28	CENTRO	13015240	19-37363400;	CRM-SP 149367
IRMANDADE DA SANTA CASA DE VINHEDO	PRONTO-SOCORRO 24H (URGENCIA E EMERGENCIA)	PRONTO SOCORRO INFANTIL (PEDIATRICO)	VALINHOS	PRAÇA DR ABRHAO AUN 4705	BARRA FUNDA	13280000	19-38365750;	
CASA DE SAUDE	PRONTO-SOCORRO 24H (URGENCIA E EMERGENCIA)	PRONTO SOCORRO OBSTETRICO	VALINHOS	PRAÇA DOUTOR TOFFOLI 28	CENTRO	13015240	19-37363400;	CRM-SP 149367
IRMANDADE DA SANTA CASA DE VINHEDO	PRONTO-SOCORRO 24H (URGENCIA E EMERGENCIA)	PRONTO SOCORRO OBSTETRICO	VALINHOS	PRAÇA DR ABRHAO AUN 4705	BARRA FUNDA	13280000	19-38365750;	
CLINICA DE OLHOS S RASKIN	PRONTO-SOCORRO 24H (URGENCIA E EMERGENCIA)	PRONTO SOCORRO OFTALMOLOGICO	VALINHOS	AVENIDA BARAO DE ITAPURA 1050	BOTAFOGO	13020432	19-37373131;	
CASA DE SAUDE	PRONTO-SOCORRO 24H (URGENCIA E EMERGENCIA)	PRONTO SOCORRO ONCOLOGICO	VALINHOS	PRAÇA DOUTOR TOFFOLI 28	CENTRO	13015240	19-37363400;	CRM-SP 149367
CASA DE SAUDE	PRONTO-SOCORRO 24H (URGENCIA E EMERGENCIA)	PRONTO SOCORRO OTORRINOLARINGOLOGICO	VALINHOS	PRAÇA DOUTOR TOFFOLI 28	CENTRO	13015240	19-37363400;	CRM-SP 149367
CASA DE SAUDE	PRONTO-SOCORRO 24H (URGENCIA E EMERGENCIA)	PRONTO SOCORRO TRAUMAS DA FACE	VALINHOS	PRAÇA DOUTOR TOFFOLI 28	CENTRO	13015240	19-37363400;	CRM-SP 149367
ASM - UNIDADE AVANCADA MADRE THEODORA	HEMODIALISE	HEMODIALISE	VALINHOS	AVENIDA DOUTOR MORAES SALLES 2371	NOVA CAMPINAS	13092111	19-30032704;	CRM-SP 930040
CASA DE SAUDE	HEMODIALISE	HEMODIALISE	VALINHOS	PRAÇA DOUTOR TOFFOLI 28	CENTRO	13015240	19-37363400;	CRM-SP 149367
NEFROCAMP NEFROLOGISTAS ASSOCIADOS	HEMODIALISE	HEMODIALISE	VALINHOS	RUA BARBOSA DA CUNHA 603	JARDIM GUANABARA	13073320	19-32120379;19-32430543;	CRM-SP 89089
CETE CENTRO ESP DE TERAPIA E ESTIM	TEA	TEA FONOAUDIOLOGIA	VALINHOS	AVENIDA FRANCISCO JOSE DE CAMARGO ANDRADE 358	JARDIM CHAPADAO	13070055	19-32416050;19-33427730;	
ESPACO BAMBINI	TEA	TEA FONOAUDIOLOGIA	VALINHOS	AVENIDA DERMIVAL BERNARDES SIQUEIRA 3276	SWISS PARK	13049252	19-983139019;	CRFA-SP 75927
FONOSAUDE	TEA	TEA FONOAUDIOLOGIA	VALINHOS	AVENIDA TENENTE HARALDO EGIDIO DE SOUZA SANTOS 791	JARDIM CHAPADAO	13070160	19-32411234;19-998422624;	CRFA-SP 04811
UNA TERAPIAS INTERDISCIPLINARES	TEA	TEA FONOAUDIOLOGIA	VALINHOS	RUA JOAO GASPARINI 32	CENTRO	13280306		CRP-SP 06130927
CETE CENTRO ESP DE TERAPIA E ESTIM	TEA	TEA PSICOLOGIA	VALINHOS	AVENIDA FRANCISCO JOSE DE CAMARGO ANDRADE 358	JARDIM CHAPADAO	13070055	19-32416050;19-33427730;	
ESPACO BAMBINI	TEA	TEA PSICOLOGIA	VALINHOS	AVENIDA DERMIVAL BERNARDES SIQUEIRA 3276	SWISS PARK	13049252	19-983139019;	CRFA-SP 75927
FONOSAUDE	TEA	TEA PSICOLOGIA	VALINHOS	AVENIDA TENENTE HARALDO EGIDIO DE SOUZA SANTOS 791	JARDIM CHAPADAO	13070160	19-32411234;19-998422624;	CRFA-SP 04811
UNA TERAPIAS INTERDISCIPLINARES	TEA	TEA PSICOLOGIA	VALINHOS	RUA JOAO GASPARINI 32	CENTRO	13280306		CRP-SP 06130927
CETE CENTRO ESP DE TERAPIA E ESTIM	TEA	TEA TERAPIA OCUPACIONAL	VALINHOS	AVENIDA FRANCISCO JOSE DE CAMARGO ANDRADE 358	JARDIM CHAPADAO	13070055	19-32416050;19-33427730;	
ESPACO BAMBINI	TEA	TEA TERAPIA OCUPACIONAL	VALINHOS	AVENIDA DERMIVAL BERNARDES SIQUEIRA 3276	SWISS PARK	13049252	19-983139019;	CRFA-SP 75927
ASM - UNIDADE AVANCADA MADRE THEODORA	LABORATORIOS E EXAMES	ANALISES CLINICAS	VALINHOS	AVENIDA DOUTOR MORAES SALLES 2371	NOVA CAMPINAS	13092111	19-30032704;	CRM-SP 930040
BIOLABOR LABORATORIO DE ANALISES CLINICAS	LABORATORIOS E EXAMES	ANALISES CLINICAS	VALINHOS	RUA DOUTOR ANESIO AUGUSTO DO AMARAL 490	CENTRO	13280000	19-38761719;	CRM-SP
CONFIANCE MEDICINA DIAGNOSTICA	LABORATORIOS E EXAMES	ANALISES CLINICAS	VALINHOS	AVENIDA WASHINGTON LUIS 1823	VILA MARIETA	13042105	19-37273393;	CRM-SP 54788
DMS BURNIER	LABORATORIOS E EXAMES	ANALISES CLINICAS	VALINHOS	RUA JOSE PISCIOTTA 570	VILA SAO LUIZ	13270300	19-38295383;	CRM-SP 935267
LABI EXAMES	LABORATORIOS E EXAMES	ANALISES CLINICAS	VALINHOS	AVENIDA FRANCISCO GLICERIO 654	CENTRO	13012100		CRF-SP 85785
ASM - UNIDADE AVANCADA MADRE THEODORA	LABORATORIOS E EXAMES	RADIOLOGIA	VALINHOS	AVENIDA DOUTOR MORAES SALLES 2371	NOVA CAMPINAS	13092111	19-30032704;	CRM-SP 930040
CEMEDI	LABORATORIOS E EXAMES	RADIOLOGIA	VALINHOS	AVENIDA SAO JOSE DOS CAMPOS 256	JARDIM NOVA EUROPA	13040145	19-35171700;	CRM-SP 96884
DIAGMED CAMPINAS	LABORATORIOS E EXAMES	RADIOLOGIA	VALINHOS	AVENIDA BRASIL 884	JARDIM GUANABARA	13073012	19-37435000;19-26602092;	CRM-SP 56988
RCC RADIOLOGIA CLINICA DE CAMPINAS	LABORATORIOS E EXAMES	RADIOLOGIA	VALINHOS	AVENIDA JOSE DE SOUZA CAMPOS 840	NOVA CAMPINAS	13092123	19-37535700;	
ASM - UNIDADE AVANCADA MADRE THEODORA	LABORATORIOS E EXAMES	ANATOMIA PATOLOGICA	VALINHOS	AVENIDA DOUTOR MORAES SALLES 2371	NOVA CAMPINAS	13092111	19-30032704;	CRM-SP 930040
BIOLABOR LABORATORIO DE ANALISES CLINICAS	LABORATORIOS E EXAMES	ANATOMIA PATOLOGICA	VALINHOS	RUA DOUTOR ANESIO AUGUSTO DO AMARAL 490	CENTRO	13280000	19-38761719;	CRM-SP
HISTOLAB ANATOMIA PATOLOGICA	LABORATORIOS E EXAMES	ANATOMIA PATOLOGICA	VALINHOS	RUA BERNARDINO DE CAMPOS 804	CENTRO	13010151	19-35221180;19-35240646;	
PC & C	LABORATORIOS E EXAMES	ANATOMIA PATOLOGICA	VALINHOS	RUA SANTA CRUZ 175	CAMBUI	13024100	19-32311036;19-32527393;	
DIMEN	LABORATORIOS E EXAMES	MEDICINA NUCLEAR	VALINHOS	RUA BENJAMIN CONSTANT 1717	CENTRO	13010142	19-37332000;19-32433077;	CRM-SP 33026
CEMEDI	LABORATORIOS E EXAMES	DENSITOMETRIA OSSEA	VALINHOS	RUA ANESIO AUGUSTO DO AMARAL 411	CENTRO	13280000		CRM-SP 96884
DIAGMED CAMPINAS	LABORATORIOS E EXAMES	DENSITOMETRIA OSSEA	VALINHOS	AVENIDA BRASIL 884	JARDIM GUANABARA	13073012	19-37435000;19-26602092;	CRM-SP 56988
DIMEN	LABORATORIOS E EXAMES	DENSITOMETRIA OSSEA	VALINHOS	RUA BENJAMIN CONSTANT 1717	CENTRO	13010142	19-37332000;19-32433077;	CRM-SP 33026
RCC RADIOLOGIA CLINICA DE CAMPINAS	LABORATORIOS E EXAMES	DENSITOMETRIA OSSEA	VALINHOS	AVENIDA JOSE DE SOUZA CAMPOS 840	NOVA CAMPINAS	13092123	19-37535700;	
ASM - UNIDADE AVANCADA MADRE THEODORA	LABORATORIOS E EXAMES	ENDOSCOPIA DIGESTIVA	VALINHOS	AVENIDA DOUTOR MORAES SALLES 2371	NOVA CAMPINAS	13092111	19-30032704;	CRM-SP 930040
CLINICA MEIRELLES	LABORATORIOS E EXAMES	ENDOSCOPIA DIGESTIVA	VALINHOS	AVENIDA INDEPENDENCIA 4727	CENTRO	13280000	19-38764542;19-38763545;19-38766140;	
HEP CENTRO SERVICOS MEDICOS	LABORATORIOS E EXAMES	ENDOSCOPIA DIGESTIVA	VALINHOS	AVENIDA ANDRADE NEVES 2412	JARDIM CHAPADAO	13070001	19-32121513;	CRM
ASM - UNIDADE AVANCADA MADRE THEODORA	LABORATORIOS E EXAMES	COLONOSCOPIA	VALINHOS	AVENIDA DOUTOR MORAES SALLES 2371	NOVA CAMPINAS	13092111	19-30032704;	CRM-SP 930040
CLINICA MEIRELLES	LABORATORIOS E EXAMES	COLONOSCOPIA	VALINHOS	RUA PADRE ALMEIDA 310	CAMBUI	13025250	19-32943114;	
HEP CENTRO SERVICOS MEDICOS	LABORATORIOS E EXAMES	COLONOSCOPIA	VALINHOS	AVENIDA ANDRADE NEVES 2412	JARDIM CHAPADAO	13070001	19-32121513;	CRM
CEMEDI	LABORATORIOS E EXAMES	MAMOGRAFIA DIGITAL	VALINHOS	RUA ANESIO AUGUSTO DO AMARAL 411	CENTRO	13280000		CRM-SP 96884
DIAGMED CAMPINAS	LABORATORIOS E EXAMES	MAMOGRAFIA DIGITAL	VALINHOS	AVENIDA BRASIL 884	JARDIM GUANABARA	13073012	19-37435000;19-26602092;	CRM-SP 56988
DMS BURNIER	LABORATORIOS E EXAMES	ANALISES CLINICAS	HORTOLANDIA	AVENIDA OLIVIO FRANCESCHINI 530	JARDIM SANTANA	13184526		CRM-SP 935267
DIAGMED SUMARE	LABORATORIOS E EXAMES	RADIOLOGIA	HORTOLANDIA	PRAÇA DA REPUBLICA 234	CENTRO	13170003		CRM-SP 56988
DIAGMED SUMARE	LABORATORIOS E EXAMES	DENSITOMETRIA OSSEA	HORTOLANDIA	PRAÇA DA REPUBLICA 234	CENTRO	13170003		CRM-SP 56988
DIAGMED SUMARE	LABORATORIOS E EXAMES	MAMOGRAFIA DIGITAL	HORTOLANDIA	PRAÇA DA REPUBLICA 234	CENTRO	13170003		CRM-SP 56988
SPINE MEDICINA HOLISTICA	CONSULTORIOS - CLINICAS - TERAPIAS	ACUPUNTURA MEDICA	INDAIATUBA	RUA PEDRO GONCALVES 241	CENTRO	13331900		CRM-SP 91736
CENTRO MEDICO SAO CAMILO	CONSULTORIOS - CLINICAS - TERAPIAS	ALERGIA E IMUNOLOGIA	INDAIATUBA	RUA DOS ANDRADAS 484	CIDADE NOVA	13334020	19-31156600;19-37513770;19-37343000;19-37901200;	
CENTRO MEDICO SAO CAMILO	CONSULTORIOS - CLINICAS - TERAPIAS	ANGIOLOGIA E CIRURGIA VASCULAR	INDAIATUBA	RUA DOS ANDRADAS 484	CIDADE NOVA	13334020	19-31156600;19-37513770;19-37343000;19-37901200;	
CARDIOCENTER	CONSULTORIOS - CLINICAS - TERAPIAS	CARDIOLOGIA	INDAIATUBA	RUA DAS ORQUIDEAS 667	JARDIM POMPEIA	13345040	19-38756156;19-38348595;19-989442380;19-33290440;	
CENTRO MEDICO SAO CAMILO	CONSULTORIOS - CLINICAS - TERAPIAS	CARDIOLOGIA	INDAIATUBA	RUA DOS ANDRADAS 484	CIDADE NOVA	13334020	19-31156600;19-37513770;19-37343000;19-37901200;	
LUIZ CARLOS CHIAPARINE	CONSULTORIOS - CLINICAS - TERAPIAS	CARDIOLOGIA	INDAIATUBA	RUA PEDRO GONCALVES 429	JARDIM PAU PRETO	13330210	19-38752416;19-38345046;19-38345835;	CRM-SP 73884
PROCARDIO ECOCARDIOGRAMA	CONSULTORIOS - CLINICAS - TERAPIAS	CARDIOLOGIA	INDAIATUBA	RUA ONZE DE JUNHO 1786	PARQUE BOA ESPERANCA	13339245		CRM-SP 113521
DR MILTON FASSINA JUNIOR	CONSULTORIOS - CLINICAS - TERAPIAS	CIRURGIA APARELHO DIGESTIVO	INDAIATUBA	AVENIDA ARIO BARNABE 1294	JARDIM MORADA DO SOL	13346400	19-39364455;19-39364477;19-39364834;	CRM-SP 79260
CENTRO MEDICO SAO CAMILO	CONSULTORIOS - CLINICAS - TERAPIAS	CIRURGIA GERAL	INDAIATUBA	RUA DOS ANDRADAS 484	CIDADE NOVA	13334020	19-31156600;19-37513770;19-37343000;19-37901200;	
CENTRO MEDICO SAO CAMILO	CONSULTORIOS - CLINICAS - TERAPIAS	CIRURGIA PEDIATRICA	INDAIATUBA	RUA DOS ANDRADAS 484	CIDADE NOVA	13334020	19-31156600;19-37513770;19-37343000;19-37901200;	
CARDIOCENTER	CONSULTORIOS - CLINICAS - TERAPIAS	CLINICA MEDICA	INDAIATUBA	RUA DAS ORQUIDEAS 667	JARDIM POMPEIA	13345040	19-38756156;19-38348595;19-989442380;19-33290440;	
LUIZ CARLOS CHIAPARINE	CONSULTORIOS - CLINICAS - TERAPIAS	CLINICA MEDICA	INDAIATUBA	RUA PEDRO GONCALVES 429	JARDIM PAU PRETO	13330210	19-38752416;19-38345046;19-38345835;	CRM-SP 73884
CENTRO MEDICO SAO CAMILO	CONSULTORIOS - CLINICAS - TERAPIAS	DERMATOLOGIA	INDAIATUBA	RUA DOS ANDRADAS 484	CIDADE NOVA	13334020	19-31156600;19-37513770;19-37343000;19-37901200;	
THAIS REGINA VIEIRA DIAS	CONSULTORIOS - CLINICAS - TERAPIAS	DERMATOLOGIA	INDAIATUBA	AVENIDA ARIO BARNABE 1294	JARDIM MORADA DO SOL	13348500	19-39364455;	
MARCELO PEDRO RAMOS	CONSULTORIOS - CLINICAS - TERAPIAS	ENDOCRINOLOGIA E METABOLOGIA	INDAIATUBA	AVENIDA DOS TRABALHADORES 116	CIDADE NOVA	13338050	19-25161718;19-987440000;	CRM-SP 73711
GRACIELA DE CAMPOS	CONSULTORIOS - CLINICAS - TERAPIAS	FONOAUDIOLOGIA	INDAIATUBA	RUA HUMAITA 966	VILA ALMEIDA	13330665	19-38166361;	CRFA-SP 10564
DR MILTON FASSINA JUNIOR	CONSULTORIOS - CLINICAS - TERAPIAS	GASTROENTEROLOGIA	INDAIATUBA	AVENIDA PRESIDENTE VARGAS 1559	CIDADE NOVA	13338705	19-38752138;19-38752655;19-38354848;	CRM-SP 79260
CENTRO MEDICO SAO CAMILO	CONSULTORIOS - CLINICAS - TERAPIAS	GINECOLOGIA	INDAIATUBA	RUA DOS ANDRADAS 484	CIDADE NOVA	13334020	19-31156600;19-37513770;19-37343000;19-37901200;	
MARCOS VICENTE DE GENARO	CONSULTORIOS - CLINICAS - TERAPIAS	GINECOLOGIA	INDAIATUBA	RUA XINGU 394	VILA ALMEIDA	13330675	19-38342632;19-33925364;	CRM-SP 70442
CENTRO MEDICO SAO CAMILO	CONSULTORIOS - CLINICAS - TERAPIAS	GINECOLOGIA E OBSTETRICIA	INDAIATUBA	RUA DOS ANDRADAS 484	CIDADE NOVA	13334020	19-31156600;19-37513770;19-37343000;19-37901200;	
MARCOS VICENTE DE GENARO	CONSULTORIOS - CLINICAS - TERAPIAS	GINECOLOGIA E OBSTETRICIA	INDAIATUBA	RUA XINGU 394	VILA ALMEIDA	13330675	19-38342632;19-33925364;	CRM-SP 70442
CARLA BENEDETTI GUEDES GALVAO	CONSULTORIOS - CLINICAS - TERAPIAS	HOMEOPATIA	INDAIATUBA	RUA TUIUTI 1222	CIDADE NOVA	13334000	19-33290971;	CRM-SP 86134
CENTRO MEDICO SAO CAMILO	CONSULTORIOS - CLINICAS - TERAPIAS	NEUROLOGIA	INDAIATUBA	RUA DOS ANDRADAS 484	CIDADE NOVA	13334020	19-31156600;19-37513770;19-37343000;19-37901200;	
CENTRO MEDICO MARIO COSTA	CONSULTORIOS - CLINICAS - TERAPIAS	OFTALMOLOGIA	INDAIATUBA	AVENIDA DOS TRABALHADORES 116	VILA CASTELO BRANCO	13338050	19-38757362;	CRM-SP 59466
CLIMESPI	CONSULTORIOS - CLINICAS - TERAPIAS	OFTALMOLOGIA	INDAIATUBA	RUA PADRE BENTO PACHECO 416	CENTRO	13330020	19-38851660;	CRM-SP 56083
DORALDO NASSAR JR	CONSULTORIOS - CLINICAS - TERAPIAS	OFTALMOLOGIA	INDAIATUBA	RUA NOVE DE JULHO 740	CENTRO	13330100	19-38342020;19-32353780;	CRM-SP
FERNANDO ROSAS GROTTO	CONSULTORIOS - CLINICAS - TERAPIAS	OFTALMOLOGIA	INDAIATUBA	RUA R PEDRO DE TOLEDO 341	CENTRO	13330090	19-38164199;	CRM-SP 43745
FUKUSHI E SANTOS - SERVICOS MEDICOS	CONSULTORIOS - CLINICAS - TERAPIAS	OFTALMOLOGIA	INDAIATUBA	RUA XINGU 190	VILA ALMEIDA	13330675	19-33297667;	
TARCISIO GASIOLA JUNIOR	CONSULTORIOS - CLINICAS - TERAPIAS	OFTALMOLOGIA	INDAIATUBA	AVENIDA PRESIDENTE VARGAS 1559	CIDADE NOVA	13334085	19-33284559;	CRM-SP 79851
CENTRO MEDICO SAO CAMILO	CONSULTORIOS - CLINICAS - TERAPIAS	ORTOPEDIA E TRAUMATOLOGIA	INDAIATUBA	RUA DOS ANDRADAS 484	CIDADE NOVA	13334020	19-31156600;19-37513770;19-37343000;19-37901200;	
SPINE MEDICINA HOLISTICA	CONSULTORIOS - CLINICAS - TERAPIAS	ORTOPEDIA E TRAUMATOLOGIA	INDAIATUBA	RUA PEDRO GONCALVES 241	CENTRO	13331900		CRM-SP 91736
CENTRO MEDICO SAO CAMILO	CONSULTORIOS - CLINICAS - TERAPIAS	OTORRINOLARINGOLOGIA	INDAIATUBA	RUA DOS ANDRADAS 484	CIDADE NOVA	13334020	19-31156600;19-37513770;19-37343000;19-37901200;	
FUKUSHI E SANTOS - SERVICOS MEDICOS	CONSULTORIOS - CLINICAS - TERAPIAS	OTORRINOLARINGOLOGIA	INDAIATUBA	RUA XINGU 190	VILA ALMEIDA	13330675	19-33297667;	
INSTITUTO MEDICO DE INDAIATUBA	CONSULTORIOS - CLINICAS - TERAPIAS	OTORRINOLARINGOLOGIA	INDAIATUBA	AVENIDA FABIO FERRAZ BICUDO 293	JARDIM ESPLANADA	13331501	19-984296669;19-38754015;	
CENTRO MEDICO SAO CAMILO	CONSULTORIOS - CLINICAS - TERAPIAS	PEDIATRIA	INDAIATUBA	RUA DOS ANDRADAS 484	CIDADE NOVA	13334020	19-31156600;19-37513770;19-37343000;19-37901200;	
PRISCILA CERDA SOARES NOGUEIRA	CONSULTORIOS - CLINICAS - TERAPIAS	PEDIATRIA	INDAIATUBA	RUA JOSE DO PATROCINIO 79	CIDADE NOVA	13334120	19-38256850;	CRM-SP 66226
RUDINEI GOMES MORAO	CONSULTORIOS - CLINICAS - TERAPIAS	PEDIATRIA	INDAIATUBA	RUA DOM PEDRO I 122	CIDADE NOVA	13334100	19-38357459;19-38755779;	CRM-SP 33465
CENTRO MEDICO SAO CAMILO	CONSULTORIOS - CLINICAS - TERAPIAS	PNEUMOLOGIA	INDAIATUBA	RUA DOS ANDRADAS 484	CIDADE NOVA	13334020	19-31156600;19-37513770;19-37343000;19-37901200;	
SILVANA MARITAN	CONSULTORIOS - CLINICAS - TERAPIAS	PSICOLOGIA	INDAIATUBA	RUA DOM PEDRO I 122	CIDADE NOVA	13334100	19-38755779;19-38357459;19-997945393;	CRP-SP 06479653
NAIMA CRISOL BERGAMO ROCHA	CONSULTORIOS - CLINICAS - TERAPIAS	REUMATOLOGIA	INDAIATUBA	AVENIDA PRESIDENTE VARGAS 2921	VILA HOMERO	13338705		CRM-BA 127313
ADIL BARACAT SAMARA	CONSULTORIOS - CLINICAS - TERAPIAS	UROLOGIA	INDAIATUBA	RUA DAS ORQUIDEAS 667	JARDIM POMPEIA	13345040	19-32519731;	
CENTRO MEDICO SAO CAMILO	CONSULTORIOS - CLINICAS - TERAPIAS	UROLOGIA	INDAIATUBA	RUA DOS ANDRADAS 484	CIDADE NOVA	13334020	19-31156600;19-37513770;19-37343000;19-37901200;	
CLINICA ASSENTIR	TEA	TEA FONOAUDIOLOGIA	INDAIATUBA	RUA CINCO DE JULHO 1183	CENTRO	13330220		CRP-SP 13127
COMUNICA E FALA	TEA	TEA FONOAUDIOLOGIA	INDAIATUBA	RUA JOAO DA FONSECA BICUDO 280	JARDIM PAU PRETO	13330370	19-971640737;	CRFA-SP 4850J
CLINICA ASSENTIR	TEA	TEA PSICOLOGIA	INDAIATUBA	RUA CINCO DE JULHO 1183	CENTRO	13330220		CRP-SP 13127
COMUNICA E FALA	TEA	TEA PSICOLOGIA	INDAIATUBA	RUA JOAO DA FONSECA BICUDO 280	JARDIM PAU PRETO	13330370	19-971640737;	CRFA-SP 4850J
CLINICA ASSENTIR	TEA	TEA TERAPIA OCUPACIONAL	INDAIATUBA	RUA CINCO DE JULHO 1183	CENTRO	13330220		CRP-SP 13127
COMUNICA E FALA	TEA	TEA TERAPIA OCUPACIONAL	INDAIATUBA	RUA JOAO DA FONSECA BICUDO 280	JARDIM PAU PRETO	13330370	19-971640737;	CRFA-SP 4850J
DIAGMED	LABORATORIOS E EXAMES	RADIOLOGIA	INDAIATUBA	AVENIDA PRESIDENTE VARGAS 1780	CIDADE NOVA	13334085	19-37435000;	
HISTOLAB ANATOMIA PATOLOGICA	LABORATORIOS E EXAMES	ANATOMIA PATOLOGICA	INDAIATUBA	AVENIDA PRESIDENTE VARGAS 1591	CIDADE NOVA	13334085	19-35221180;19-35240646;	
DIAGMED	LABORATORIOS E EXAMES	DENSITOMETRIA OSSEA	INDAIATUBA	AVENIDA PRESIDENTE VARGAS 1780	CIDADE NOVA	13334085	19-37435000;	
DIAGMED	LABORATORIOS E EXAMES	MAMOGRAFIA DIGITAL	INDAIATUBA	AVENIDA PRESIDENTE VARGAS 1780	CIDADE NOVA	13334085	19-37435000;	