Hospital Beneficencia Portuguesa	CNPJ: 46030318000116	REAL SOCIEDADE PORTUGUESA DE BENEFICENCIA	Clinica Geral;Hospital Geral;Oncologia Clinica;Ortopedia e Traumatologia	R Onze De Agosto, 557, Centro - 13013101 - Campinas / SP	(19) 19 37394000	Hospitais	Campinas	Vital IF 400 Standard
Hospital Irmaos Penteado	CNPJ: 46045290000190	IRMANDADE DE MISERICORDIA DE CAMPINAS	Clinica Geral;Hospital Geral;Hospital Infantil;Ortopedia e Traumatologia	Avenida Julio De Mesquita, 571, Cambui - 13024180 - Campinas / SP	(19) 2515-3100	Hospitais	Campinas	Vital IF 400 Standard
Maternidade De Campinas	CNPJ: 46043980000100	MATERNIDADE DE CAMPINAS	Hospital Obstetrico;Obstetricia;Pronto Socorro Obstetrico	Av Orosimbo Maia, 165, Vila Itapura - 13023002 - Campinas / SP	(19) 33066000	Hospitais	Campinas	Vital IF 400 Standard
Alves E Vieira Serviços Medicos Ltda	CNPJ: 37444345000144	ALVES E VIEIRA SERVICOS MEDICOS LTDA		Avenida Onze De Agosto 502 Ate 99999, 557, Centro - 13013101 - Campinas / SP	(19) 37394000	Exames	Campinas	Vital IF 400 Standard
Amgs Assistencia Medica - Somente Exames De Eletroneuromiografia	CNPJ: 04288527000203	AMGS ASSISTENCIA MEDICA - SOMENTE EXAMES DE ELETRONEUROMIOGRAFIA	Exame Eletroneuromiografia	Doutor Antonio Galizia, 155, Cambui, Sala 16 - 13024510 - Campinas / SP	(19) 32130343	Exames	Campinas	Vital IF 400 Standard
Ll Diagnosticos Medicos Ltda - Bild Diagnosticos	CNPJ: 22395557000616	LL DIAGNOSTICO MEDICOS LTDA	Exame Ressonancia	Rua Vitoriano Dos Anjos, 929, Vila João Jorge - 13041317 - Campinas / SP	(19) 38094343	Exames	Campinas	Vital IF 400 Standard
Cedine - Central De Diagnose Em Neurofisiologia Ltda	CNPJ: 01984011000116	CEDINE - CENTRAL DE DIAGNOSE EM NEUROFISIOLOGIA LTDA	Exame Eletroneuromiografia;Neurofisiologia	Jose Rocha Bomfim, 214, Loteamento Center Santa Genebra, Sala 222 ,2&deg;Andar - Ed Chicago Cond Praça Capital - 13080650 - Campinas / SP	(19) 3251-1601	Exames	Campinas	Vital IF 400 Standard
Cendicamp-Medicina Nuclear Ltda	CNPJ: 48174874000191	CENDICAMP - MEDICINA NUCLEAR LTDA	Exame Cintilografia	R Barros Monteiro, 348, Jardim Guanabara - 13073240 - Campinas / SP	(19) 983640041	Exames	Campinas	Vital IF 400 Standard
Cenec	CNPJ: 07080628000193	Centro de Neurologia de Campinas LTDA	Exame Eletroneuromiografia;Neurologia Clinica	Rua Prefeito Passos, 100, Jardim Guanabara - 13023220 - Campinas / SP	(19) 32375795	Exames	Campinas	Vital IF 400 Standard
Diagface Imagens Odontologicas Ltda	CNPJ: 30106933000129	DIAGFACE IMAGENS ODONTOLOGICAS LTDA	Exame Raio X Panoramico Mandibula	Avenida Anchieta, 655, Centro - 13015101 - Campinas / SP	(19) 32340452	Exames	Campinas	Vital IF 400 Standard
Hospital Beneficencia Portuguesa - Serviço De Imagens Rx	CNPJ: 46030318000116	REAL SOCIEDADE PORTUGUESA DE BENEFICENCIA	Exame Densitometria;Exame Doppler ;Exame Raio X;Exame Tomografia;Exame Ultrassonografia;Exame US Doppler ;Exame US Doppler Colorido Arterial De Membro Inferior	Rua Onze De Agosto, 557, Centro - 13013101 - Campinas / SP	(19) 30609999	Exames	Campinas	Vital IF 400 Standard
Instituto De Medicina Diagnostica Avancada De Campinas Ltda	CNPJ: 08227661000166	INSTITUTO DE MEDICINA DIAGNOSTICA AVANCADA DE CAMPINAS LTDA	WhatsApp (19) 33451700	Avenida Benjamin Constant, 1717, Cambui - Campinas / SP	(19) 3345-1700	Exames	Campinas	Vital IF 400 Standard
Magnecamp Imagenologia Medica	CNPJ: 26301757000109	MAGNECAMP IMAGENOLOGIA MEDICA	Exame Angioressonancia Magnetica;Exame Ressonancia	Av. Das Amoreiras, 1894, Parque Industrial - Campinas / SP	(19) 3272-7789	Exames	Campinas	Vital IF 400 Standard
Medicina Nuclear De Campinas S/C Ltda	CNPJ: 00257191000171	MEDICINA NUCLEAR DE CAMPINAS S/C LTDA	Exame Cintilografia	Avenida Barao De Itapura, 1276, Botafogo - 13020431 - Campinas / SP	(19) 3731-4141	Exames	Campinas	Vital IF 400 Standard
Ritmocordis Servicos Medicos Ltda	CNPJ: 16681622000162	RITMOCORDIS SERVICOS MEDICOS LTDA	Cardiologia	Barao De Itapura, 2294, Jardim Guanabara - 13073300 - Campinas / SP	(19) 33681825	Exames	Campinas	Vital IF 400 Standard
Saude Auditiva Servicos De Fonoaudiologia Ltda	CNPJ: 05034933000113	SAUDE AUDITIVA SERVICOS DE FONOAUDIOLOGIA LTDA	Exame Audiometria;Exame Impedanciometria	Avenida Andrade Neves, 784, Centro - 13013161 - Campinas / SP	(19) 32337797	Exames	Campinas	Vital IF 400 Standard
Biomega Medicina Diagnostica Ltda	CNPJ: 28966389008128	BIOMEGA MEDICINA DIAGNOSTICA LTDA	Exame Analise Patologica;Exame Laboratorio	Andrade Neves, 1608, Jardim Chapadão - 13070000 - Campinas / SP	(19) 32417500	Laboratórios	Campinas	Vital IF 400 Standard
Labap Laboratorio De Anatomia Patologica Ltda Epp	CNPJ: 54151535000192	LABAP LABORATORIO DE ANATOMIA PATOLOGICA LTDA EPP	Anatomia Patologica	Avenida Andrade Neves, 295, Centro, Sl 31,33 E 34 - 13013160 - Campinas / SP	(19) 32337657	Laboratórios	Campinas	Vital IF 400 Standard
Labclinicas Medicina Laboratorial - Hcor	CNPJ: 71748453000149	LABCLINICAS - LABORATORIO DE ANALISES CLINICAS EIRELI	Exame Laboratorio	Avenida Benjamin Constant, 1725, Centro - Campinas / SP	(19) 2514-5500	Laboratórios	Campinas	Vital IF 400 Standard
Labclinicas Medicina Laboratorial - Hosp Irmaos Penteado	CNPJ: 71748453000149	LABCLINICAS - LABORATORIO DE ANALISES CLINICAS EIRELI		R Barreto Leme, 1570, Centro - 13010201 - Campinas / SP	(19) 25145500	Laboratórios	Campinas	Vital IF 400 Standard
Labclinicas Medicina Laboratorial - Unid. Andrade Neves	CNPJ: 71748453000653	LABCLINICAS - LABORATORIO DE ANALISES CLINICAS LTDA	Exame Laboratorio	Andrade Neves, 295, Centro, Loja 1 Mezanino - 13013160 - Campinas / SP	(19) 25174100	Laboratórios	Campinas	Vital IF 400 Standard
Laboratorio De Analises Clinicas Samuel Pessoa Ltda	CNPJ: 50103555000641	LABORATORIO DE ANALISES CLINICAS SAMUEL PESSOA LTDA	Exame Laboratorio	Avenida Barao De Itapura, 917, Vila Itapura - 13020431 - Campinas / SP	(19) 983440108	Laboratórios	Campinas	Vital IF 400 Standard
Laboratorio De Analises Clinicas Samuel Pessoa Ltda	CNPJ: 50103555000137	LABORATORIO DE ANALISES CLINICAS SAMUEL PESSOA LTDA	Exame Laboratorio	Avenida Andrade Neves, 1746, Castelo - Campinas / SP	(19) 3242-7399	Laboratórios	Campinas	Vital IF 400 Standard
Santa Casa De Valinhos	CNPJ: 46056487000125	IRMANDADE DE SANTA CASA DE MISERICORDIA DE VALINHOS	Angiologia e Cirurgia Vascular;Cardiologia;Clinica Geral;Clinica Medica Geral;Obstetricia;Ortopedia e Traumatologia;Pediatria	Av Onze De Agosto, 2745, Vila Embare - 13271210 - Valinhos / SP	(19) 38695111	Hospitais	Valinhos	Vital IF 400 Standard
Ll Diagnosticos Medicos Ltda - Bild Diagnosticos	CNPJ: 22395557000101	LL DIAGNOSTICOS MEDICOS LTDA	Exame Densitometria;Exame Mamografia;Exame Raio X;Exame Tomografia;Exame Ultrassonografia	Rua Jose Camilo De Camargo, 5, Loteamento Remanso Campineiro, Condominio Shopping Hortolandia - 13184494 - Hortolandia / SP	(19) 38094343	Exames	Hortolândia	Vital IF 400 Standard
Ll Diagnosticos Medicos Ltda - Bild Diagnosticos	CNPJ: 22395557000292	LL DIAGNOSTICOS MEDICOS LTDA	Exame Densitometria;Exame Mamografia;Exame Raio X;Exame Tomografia;Exame Ultrassonografia	Rua Osvaldo Da Silva, 10, Jardim Villagio Ghiraldelli - 13186635 - Hortolandia / SP	(19) 38094343	Exames	Hortolândia	Vital IF 400 Standard
Laboratorio De Analises Clinicas Dr Rogerio Burnier Ltda	CNPJ: 45998143000172	DMS BURNIER LABORATORIO DE ANALISES CLINICAS LTDA	Exame Laboratorio	Rua Osvaldo Ribeiro Carrilho , 153, Jardim Mirante, Conj 2 Fundos - Hortolandia / SP	(19) 3829-5383	Laboratórios	Hortolândia	Vital IF 400 Standard
Laboratorio De Analises Clinicas Dr Rogerio Burnier Ltda	CNPJ: 45998143000172	DMS BURNIER LABORATORIO DE ANALISES CLINICAS LTDA	Exame Laboratorio	Avenida Olivio Francisquni, 530, Jardim Santana - Hortolandia / SP	(19) 3829-5383	Laboratórios	Hortolândia	Vital IF 400 Standard
Laboratorio De Analises Clinicas Samuel Pessoa Ltda	CNPJ: 50103555000722	LABORATORIO DE ANALISES CLINICAS SAMUEL PESSOA LTDA	WhatsApp 982352727	Antonio Fernandes Leite, 123, Jardim Santo Antônio - 13185530 - Hortolandia / SP	(19) 38657252	Laboratórios	Hortolândia	Vital IF 400 Standard
Hospital Beneficencia Portuguesa	CNPJ: 46030318000116	REAL SOCIEDADE PORTUGUESA DE BENEFICENCIA	Clinica Geral;Hospital Geral;Oncologia Clinica;Ortopedia e Traumatologia	R Onze De Agosto, 557, Centro - 13013101 - Campinas / SP	(19) 19 37394000	Hospitais	Campinas	Agile Access IF 500
Irmandade De Misericordia De Campinas Assim - Pediatria	CNPJ: 18501766000115	IRMANDADE DE MISERICORDIA DE CAMPINAS - ASSIM	Pediatria	Avenida Benjamin Constant, 1657, Cambui - Campinas / SP	(19) 2515-3100	Hospitais	Campinas	Agile Access IF 500
Maternidade De Campinas	CNPJ: 46043980000100	MATERNIDADE DE CAMPINAS	Hospital Obstetrico;Obstetricia;Pronto Socorro Obstetrico	Av Orosimbo Maia, 165, Vila Itapura - 13023002 - Campinas / SP	(19) 33066000	Hospitais	Campinas	Agile Access IF 500
Amgs Assistencia Medica - Somente Exames De Eletroneuromiografia	CNPJ: 04288527000203	AMGS ASSISTENCIA MEDICA - SOMENTE EXAMES DE ELETRONEUROMIOGRAFIA	Exame Eletroneuromiografia	Doutor Antonio Galizia, 155, Cambui, Sala 16 - 13024510 - Campinas / SP	(19) 32130343	Exames	Campinas	Agile Access IF 500
Ll Diagnosticos Medicos Ltda - Bild Diagnosticos	CNPJ: 22395557000616	LL DIAGNOSTICO MEDICOS LTDA	Exame Ressonancia	Rua Vitoriano Dos Anjos, 929, Vila João Jorge - 13041317 - Campinas / SP	(19) 38094343	Exames	Campinas	Agile Access IF 500
Diagface Imagens Odontologicas Ltda	CNPJ: 30106933000129	DIAGFACE IMAGENS ODONTOLOGICAS LTDA	Exame Raio X Panoramico Mandibula	Avenida Anchieta, 655, Centro - 13015101 - Campinas / SP	(19) 32340452	Exames	Campinas	Agile Access IF 500
Hospital Beneficencia Portuguesa - Serviço De Imagens Rx	CNPJ: 46030318000116	REAL SOCIEDADE PORTUGUESA DE BENEFICENCIA	Exame Densitometria;Exame Doppler ;Exame Raio X;Exame Tomografia;Exame Ultrassonografia;Exame US Doppler ;Exame US Doppler Colorido Arterial De Membro Inferior	Rua Onze De Agosto, 557, Centro - 13013101 - Campinas / SP	(19) 30609999	Exames	Campinas	Agile Access IF 500
Instituto De Medicina Diagnostica Avancada De Campinas Ltda	CNPJ: 08227661000166	INSTITUTO DE MEDICINA DIAGNOSTICA AVANCADA DE CAMPINAS LTDA	WhatsApp (19) 33451700	Avenida Benjamin Constant, 1717, Cambui - Campinas / SP	(19) 3345-1700	Exames	Campinas	Agile Access IF 500
Magnecamp Imagenologia Medica	CNPJ: 26301757000109	MAGNECAMP IMAGENOLOGIA MEDICA	Exame Angioressonancia Magnetica;Exame Ressonancia	Av. Das Amoreiras, 1894, Parque Industrial - Campinas / SP	(19) 3272-7789	Exames	Campinas	Agile Access IF 500
Ritmocordis Servicos Medicos Ltda	CNPJ: 16681622000162	RITMOCORDIS SERVICOS MEDICOS LTDA	Cardiologia	Barao De Itapura, 2294, Jardim Guanabara - 13073300 - Campinas / SP	(19) 33681825	Exames	Campinas	Agile Access IF 500
Biomega Medicina Diagnostica Ltda	CNPJ: 28966389008128	BIOMEGA MEDICINA DIAGNOSTICA LTDA	Exame Analise Patologica;Exame Laboratorio	Andrade Neves, 1608, Jardim Chapadão - 13070000 - Campinas / SP	(19) 32417500	Laboratórios	Campinas	Agile Access IF 500
Labclinicas Medicina Laboratorial - Hcor	CNPJ: 71748453000149	LABCLINICAS - LABORATORIO DE ANALISES CLINICAS EIRELI	Exame Laboratorio	Avenida Benjamin Constant, 1725, Centro - Campinas / SP	(19) 2514-5500	Laboratórios	Campinas	Agile Access IF 500
Labclinicas Medicina Laboratorial - Unid. Andrade Neves	CNPJ: 71748453000653	LABCLINICAS - LABORATORIO DE ANALISES CLINICAS LTDA	Exame Laboratorio	Andrade Neves, 295, Centro, Loja 1 Mezanino - 13013160 - Campinas / SP	(19) 25174100	Laboratórios	Campinas	Agile Access IF 500
Laboratorio De Analises Clinicas Samuel Pessoa Ltda	CNPJ: 50103555000641	LABORATORIO DE ANALISES CLINICAS SAMUEL PESSOA LTDA	Exame Laboratorio	Avenida Barao De Itapura, 917, Vila Itapura - 13020431 - Campinas / SP	(19) 983440108	Laboratórios	Campinas	Agile Access IF 500
Laboratorio De Analises Clinicas Samuel Pessoa Ltda	CNPJ: 50103555000137	LABORATORIO DE ANALISES CLINICAS SAMUEL PESSOA LTDA	Exame Laboratorio	Avenida Andrade Neves, 1746, Castelo - Campinas / SP	(19) 3242-7399	Laboratórios	Campinas	Agile Access IF 500
Ll Diagnosticos Medicos Ltda - Bild Diagnosticos	CNPJ: 22395557000101	LL DIAGNOSTICOS MEDICOS LTDA	Exame Densitometria;Exame Mamografia;Exame Raio X;Exame Tomografia;Exame Ultrassonografia	Rua Jose Camilo De Camargo, 5, Loteamento Remanso Campineiro, Condominio Shopping Hortolandia - 13184494 - Hortolandia / SP	(19) 38094343	Exames	Hortolândia	Agile Access IF 500
Ll Diagnosticos Medicos Ltda - Bild Diagnosticos	CNPJ: 22395557000292	LL DIAGNOSTICOS MEDICOS LTDA	Exame Densitometria;Exame Mamografia;Exame Raio X;Exame Tomografia;Exame Ultrassonografia	Rua Osvaldo Da Silva, 10, Jardim Villagio Ghiraldelli - 13186635 - Hortolandia / SP	(19) 38094343	Exames	Hortolândia	Agile Access IF 500
Laboratorio De Analises Clinicas Samuel Pessoa Ltda	CNPJ: 50103555000722	LABORATORIO DE ANALISES CLINICAS SAMUEL PESSOA LTDA	WhatsApp 982352727	Antonio Fernandes Leite, 123, Jardim Santo Antônio - 13185530 - Hortolandia / SP	(19) 38657252	Laboratórios	Hortolândia	Agile Access IF 500
Hospital Beneficencia Portuguesa	CNPJ: 46030318000116	REAL SOCIEDADE PORTUGUESA DE BENEFICENCIA	Clinica Geral;Hospital Geral;Oncologia Clinica;Ortopedia e Traumatologia	R Onze De Agosto, 557, Centro - 13013101 - Campinas / SP	(19) 19 37394000	Hospitais	Campinas	Sabe IF 200 Standard
Irmandade De Misericordia De Campinas Assim - Pediatria	CNPJ: 18501766000115	IRMANDADE DE MISERICORDIA DE CAMPINAS - ASSIM	Pediatria	Avenida Benjamin Constant, 1657, Cambui - Campinas / SP	(19) 2515-3100	Hospitais	Campinas	Sabe IF 200 Standard
Maternidade De Campinas	CNPJ: 46043980000100	MATERNIDADE DE CAMPINAS	Hospital Obstetrico;Obstetricia;Pronto Socorro Obstetrico	Av Orosimbo Maia, 165, Vila Itapura - 13023002 - Campinas / SP	(19) 33066000	Hospitais	Campinas	Sabe IF 200 Standard
Amgs Assistencia Medica - Somente Exames De Eletroneuromiografia	CNPJ: 04288527000203	AMGS ASSISTENCIA MEDICA - SOMENTE EXAMES DE ELETRONEUROMIOGRAFIA	Exame Eletroneuromiografia	Doutor Antonio Galizia, 155, Cambui, Sala 16 - 13024510 - Campinas / SP	(19) 32130343	Exames	Campinas	Sabe IF 200 Standard
Ll Diagnosticos Medicos Ltda - Bild Diagnosticos	CNPJ: 22395557000616	LL DIAGNOSTICO MEDICOS LTDA	Exame Ressonancia	Rua Vitoriano Dos Anjos, 929, Vila João Jorge - 13041317 - Campinas / SP	(19) 38094343	Exames	Campinas	Sabe IF 200 Standard
Cedine - Central De Diagnose Em Neurofisiologia Ltda	CNPJ: 01984011000116	CEDINE - CENTRAL DE DIAGNOSE EM NEUROFISIOLOGIA LTDA	Exame Eletroneuromiografia;Neurofisiologia	Jose Rocha Bomfim, 214, Loteamento Center Santa Genebra, Sala 222 ,2&deg;Andar - Ed Chicago Cond Praça Capital - 13080650 - Campinas / SP	(19) 3251-1601	Exames	Campinas	Sabe IF 200 Standard
Cendicamp-Medicina Nuclear Ltda	CNPJ: 48174874000191	CENDICAMP - MEDICINA NUCLEAR LTDA	Exame Cintilografia	R Barros Monteiro, 348, Jardim Guanabara - 13073240 - Campinas / SP	(19) 983640041	Exames	Campinas	Sabe IF 200 Standard
Cenec	CNPJ: 07080628000193	Centro de Neurologia de Campinas LTDA	Exame Eletroneuromiografia;Neurologia Clinica	Rua Prefeito Passos, 100, Jardim Guanabara - 13023220 - Campinas / SP	(19) 32375795	Exames	Campinas	Sabe IF 200 Standard
Diagface Imagens Odontologicas Ltda	CNPJ: 30106933000129	DIAGFACE IMAGENS ODONTOLOGICAS LTDA	Exame Raio X Panoramico Mandibula	Avenida Anchieta, 655, Centro - 13015101 - Campinas / SP	(19) 32340452	Exames	Campinas	Sabe IF 200 Standard
Hospital Beneficencia Portuguesa - Serviço De Imagens Rx	CNPJ: 46030318000116	REAL SOCIEDADE PORTUGUESA DE BENEFICENCIA	Exame Densitometria;Exame Doppler ;Exame Raio X;Exame Tomografia;Exame Ultrassonografia;Exame US Doppler ;Exame US Doppler Colorido Arterial De Membro Inferior	Rua Onze De Agosto, 557, Centro - 13013101 - Campinas / SP	(19) 30609999	Exames	Campinas	Sabe IF 200 Standard
Instituto De Medicina Diagnostica Avancada De Campinas Ltda	CNPJ: 08227661000166	INSTITUTO DE MEDICINA DIAGNOSTICA AVANCADA DE CAMPINAS LTDA	WhatsApp (19) 33451700	Avenida Benjamin Constant, 1717, Cambui - Campinas / SP	(19) 3345-1700	Exames	Campinas	Sabe IF 200 Standard
Magnecamp Imagenologia Medica	CNPJ: 26301757000109	MAGNECAMP IMAGENOLOGIA MEDICA	Exame Angioressonancia Magnetica;Exame Ressonancia	Av. Das Amoreiras, 1894, Parque Industrial - Campinas / SP	(19) 3272-7789	Exames	Campinas	Sabe IF 200 Standard
Medicina Nuclear De Campinas S/C Ltda	CNPJ: 00257191000171	MEDICINA NUCLEAR DE CAMPINAS S/C LTDA	Exame Cintilografia	Avenida Barao De Itapura, 1276, Botafogo - 13020431 - Campinas / SP	(19) 3731-4141	Exames	Campinas	Sabe IF 200 Standard
Ritmocordis Servicos Medicos Ltda	CNPJ: 16681622000162	RITMOCORDIS SERVICOS MEDICOS LTDA	Cardiologia	Barao De Itapura, 2294, Jardim Guanabara - 13073300 - Campinas / SP	(19) 33681825	Exames	Campinas	Sabe IF 200 Standard
Saude Auditiva Servicos De Fonoaudiologia Ltda	CNPJ: 05034933000113	SAUDE AUDITIVA SERVICOS DE FONOAUDIOLOGIA LTDA	Exame Audiometria;Exame Impedanciometria	Avenida Andrade Neves, 784, Centro - 13013161 - Campinas / SP	(19) 32337797	Exames	Campinas	Sabe IF 200 Standard
Biomega Medicina Diagnostica Ltda	CNPJ: 28966389008128	BIOMEGA MEDICINA DIAGNOSTICA LTDA	Exame Analise Patologica;Exame Laboratorio	Andrade Neves, 1608, Jardim Chapadão - 13070000 - Campinas / SP	(19) 32417500	Laboratórios	Campinas	Sabe IF 200 Standard
Labap Laboratorio De Anatomia Patologica Ltda Epp	CNPJ: 54151535000192	LABAP LABORATORIO DE ANATOMIA PATOLOGICA LTDA EPP	Anatomia Patologica	Avenida Andrade Neves, 295, Centro, Sl 31,33 E 34 - 13013160 - Campinas / SP	(19) 32337657	Laboratórios	Campinas	Sabe IF 200 Standard
Labclinicas Medicina Laboratorial - Hosp Irmaos Penteado	CNPJ: 71748453000149	LABCLINICAS - LABORATORIO DE ANALISES CLINICAS EIRELI		R Barreto Leme, 1570, Centro - 13010201 - Campinas / SP	(19) 25145500	Laboratórios	Campinas	Sabe IF 200 Standard
Labclinicas Medicina Laboratorial - Hcor	CNPJ: 71748453000149	LABCLINICAS - LABORATORIO DE ANALISES CLINICAS EIRELI	Exame Laboratorio	Avenida Benjamin Constant, 1725, Centro - Campinas / SP	(19) 2514-5500	Laboratórios	Campinas	Sabe IF 200 Standard
Labclinicas Medicina Laboratorial - Unid. Andrade Neves	CNPJ: 71748453000653	LABCLINICAS - LABORATORIO DE ANALISES CLINICAS LTDA	Exame Laboratorio	Andrade Neves, 295, Centro, Loja 1 Mezanino - 13013160 - Campinas / SP	(19) 25174100	Laboratórios	Campinas	Sabe IF 200 Standard
Laboratorio De Analises Clinicas Samuel Pessoa Ltda	CNPJ: 50103555000137	LABORATORIO DE ANALISES CLINICAS SAMUEL PESSOA LTDA	Exame Laboratorio	Avenida Andrade Neves, 1746, Castelo - Campinas / SP	(19) 3242-7399	Laboratórios	Campinas	Sabe IF 200 Standard
Laboratorio De Analises Clinicas Samuel Pessoa Ltda	CNPJ: 50103555000641	LABORATORIO DE ANALISES CLINICAS SAMUEL PESSOA LTDA	Exame Laboratorio	Avenida Barao De Itapura, 917, Vila Itapura - 13020431 - Campinas / SP	(19) 983440108	Laboratórios	Campinas	Sabe IF 200 Standard
Santa Casa De Valinhos	CNPJ: 46056487000125	IRMANDADE DE SANTA CASA DE MISERICORDIA DE VALINHOS	Angiologia e Cirurgia Vascular;Cardiologia;Clinica Geral;Clinica Medica Geral;Obstetricia;Ortopedia e Traumatologia;Pediatria	Av Onze De Agosto, 2745, Vila Embare - 13271210 - Valinhos / SP	(19) 38695111	Hospitais	Valinhos	Sabe IF 200 Standard
Ll Diagnosticos Medicos Ltda - Bild Diagnosticos	CNPJ: 22395557000101	LL DIAGNOSTICOS MEDICOS LTDA	Exame Densitometria;Exame Mamografia;Exame Raio X;Exame Tomografia;Exame Ultrassonografia	Rua Jose Camilo De Camargo, 5, Loteamento Remanso Campineiro, Condominio Shopping Hortolandia - 13184494 - Hortolandia / SP	(19) 38094343	Exames	Hortolândia	Sabe IF 200 Standard
Ll Diagnosticos Medicos Ltda - Bild Diagnosticos	CNPJ: 22395557000292	LL DIAGNOSTICOS MEDICOS LTDA	Exame Densitometria;Exame Mamografia;Exame Raio X;Exame Tomografia;Exame Ultrassonografia	Rua Osvaldo Da Silva, 10, Jardim Villagio Ghiraldelli - 13186635 - Hortolandia / SP	(19) 38094343	Exames	Hortolândia	Sabe IF 200 Standard
Laboratorio De Analises Clinicas Dr Rogerio Burnier Ltda	CNPJ: 45998143000172	DMS BURNIER LABORATORIO DE ANALISES CLINICAS LTDA	Exame Laboratorio	Rua Osvaldo Ribeiro Carrilho , 153, Jardim Mirante, Conj 2 Fundos - Hortolandia / SP	(19) 3829-5383	Laboratórios	Hortolândia	Sabe IF 200 Standard
Laboratorio De Analises Clinicas Dr Rogerio Burnier Ltda	CNPJ: 45998143000172	DMS BURNIER LABORATORIO DE ANALISES CLINICAS LTDA	Exame Laboratorio	Avenida Olivio Francisquni, 530, Jardim Santana - Hortolandia / SP	(19) 3829-5383	Laboratórios	Hortolândia	Sabe IF 200 Standard
Laboratorio De Analises Clinicas Samuel Pessoa Ltda	CNPJ: 50103555000722	LABORATORIO DE ANALISES CLINICAS SAMUEL PESSOA LTDA	WhatsApp 982352727	Antonio Fernandes Leite, 123, Jardim Santo Antônio - 13185530 - Hortolandia / SP	(19) 38657252	Laboratórios	Hortolândia	Sabe IF 200 Standard
Hospital Beneficencia Portuguesa	CNPJ: 46030318000116	REAL SOCIEDADE PORTUGUESA DE BENEFICENCIA	Clinica Geral;Hospital Geral;Oncologia Clinica;Ortopedia e Traumatologia	R Onze De Agosto, 557, Centro - 13013101 - Campinas / SP	(19) 19 37394000	Hospitais	Campinas	Selection IF 200 Standard
Hospital Irmaos Penteado	CNPJ: 46045290000190	IRMANDADE DE MISERICORDIA DE CAMPINAS	Clinica Geral;Hospital Geral;Hospital Infantil;Ortopedia e Traumatologia	Avenida Julio De Mesquita, 571, Cambui - 13024180 - Campinas / SP	(19) 2515-3100	Hospitais	Campinas	Selection IF 200 Standard
Irmandade De Misericordia De Campinas Assim - Pediatria	CNPJ: 18501766000115	IRMANDADE DE MISERICORDIA DE CAMPINAS - ASSIM	Pediatria	Avenida Benjamin Constant, 1657, Cambui - Campinas / SP	(19) 2515-3100	Hospitais	Campinas	Selection IF 200 Standard
Maternidade De Campinas	CNPJ: 46043980000100	MATERNIDADE DE CAMPINAS	Hospital Obstetrico;Obstetricia;Pronto Socorro Obstetrico	Av Orosimbo Maia, 165, Vila Itapura - 13023002 - Campinas / SP	(19) 33066000	Hospitais	Campinas	Selection IF 200 Standard
Amgs Assistencia Medica - Somente Exames De Eletroneuromiografia	CNPJ: 04288527000203	AMGS ASSISTENCIA MEDICA - SOMENTE EXAMES DE ELETRONEUROMIOGRAFIA	Exame Eletroneuromiografia	Doutor Antonio Galizia, 155, Cambui, Sala 16 - 13024510 - Campinas / SP	(19) 32130343	Exames	Campinas	Selection IF 200 Standard
Ll Diagnosticos Medicos Ltda - Bild Diagnosticos	CNPJ: 22395557000616	LL DIAGNOSTICO MEDICOS LTDA	Exame Ressonancia	Rua Vitoriano Dos Anjos, 929, Vila João Jorge - 13041317 - Campinas / SP	(19) 38094343	Exames	Campinas	Selection IF 200 Standard
Cedine - Central De Diagnose Em Neurofisiologia Ltda	CNPJ: 01984011000116	CEDINE - CENTRAL DE DIAGNOSE EM NEUROFISIOLOGIA LTDA	Exame Eletroneuromiografia;Neurofisiologia	Jose Rocha Bomfim, 214, Loteamento Center Santa Genebra, Sala 222 ,2&deg;Andar - Ed Chicago Cond Praça Capital - 13080650 - Campinas / SP	(19) 3251-1601	Exames	Campinas	Selection IF 200 Standard
Cendicamp-Medicina Nuclear Ltda	CNPJ: 48174874000191	CENDICAMP - MEDICINA NUCLEAR LTDA	Exame Cintilografia	R Barros Monteiro, 348, Jardim Guanabara - 13073240 - Campinas / SP	(19) 983640041	Exames	Campinas	Selection IF 200 Standard
Cenec	CNPJ: 07080628000193	Centro de Neurologia de Campinas LTDA	Exame Eletroneuromiografia;Neurologia Clinica	Rua Prefeito Passos, 100, Jardim Guanabara - 13023220 - Campinas / SP	(19) 32375795	Exames	Campinas	Selection IF 200 Standard
Diagface Imagens Odontologicas Ltda	CNPJ: 30106933000129	DIAGFACE IMAGENS ODONTOLOGICAS LTDA	Exame Raio X Panoramico Mandibula	Avenida Anchieta, 655, Centro - 13015101 - Campinas / SP	(19) 32340452	Exames	Campinas	Selection IF 200 Standard
Hospital Beneficencia Portuguesa - Serviço De Imagens Rx	CNPJ: 46030318000116	REAL SOCIEDADE PORTUGUESA DE BENEFICENCIA	Exame Densitometria;Exame Doppler ;Exame Raio X;Exame Tomografia;Exame Ultrassonografia;Exame US Doppler ;Exame US Doppler Colorido Arterial De Membro Inferior	Rua Onze De Agosto, 557, Centro - 13013101 - Campinas / SP	(19) 30609999	Exames	Campinas	Selection IF 200 Standard
Instituto De Medicina Diagnostica Avancada De Campinas Ltda	CNPJ: 08227661000166	INSTITUTO DE MEDICINA DIAGNOSTICA AVANCADA DE CAMPINAS LTDA	WhatsApp (19) 33451700	Avenida Benjamin Constant, 1717, Cambui - Campinas / SP	(19) 3345-1700	Exames	Campinas	Selection IF 200 Standard
Magnecamp Imagenologia Medica	CNPJ: 26301757000109	MAGNECAMP IMAGENOLOGIA MEDICA	Exame Angioressonancia Magnetica;Exame Ressonancia	Av. Das Amoreiras, 1894, Parque Industrial - Campinas / SP	(19) 3272-7789	Exames	Campinas	Selection IF 200 Standard
Medicina Nuclear De Campinas S/C Ltda	CNPJ: 00257191000171	MEDICINA NUCLEAR DE CAMPINAS S/C LTDA	Exame Cintilografia	Avenida Barao De Itapura, 1276, Botafogo - 13020431 - Campinas / SP	(19) 3731-4141	Exames	Campinas	Selection IF 200 Standard
Ritmocordis Servicos Medicos Ltda	CNPJ: 16681622000162	RITMOCORDIS SERVICOS MEDICOS LTDA	Cardiologia	Barao De Itapura, 2294, Jardim Guanabara - 13073300 - Campinas / SP	(19) 33681825	Exames	Campinas	Selection IF 200 Standard
Saude Auditiva Servicos De Fonoaudiologia Ltda	CNPJ: 05034933000113	SAUDE AUDITIVA SERVICOS DE FONOAUDIOLOGIA LTDA	Exame Audiometria;Exame Impedanciometria	Avenida Andrade Neves, 784, Centro - 13013161 - Campinas / SP	(19) 32337797	Exames	Campinas	Selection IF 200 Standard
Biomega Medicina Diagnostica Ltda	CNPJ: 28966389008128	BIOMEGA MEDICINA DIAGNOSTICA LTDA	Exame Analise Patologica;Exame Laboratorio	Andrade Neves, 1608, Jardim Chapadão - 13070000 - Campinas / SP	(19) 32417500	Laboratórios	Campinas	Selection IF 200 Standard
Labap Laboratorio De Anatomia Patologica Ltda Epp	CNPJ: 54151535000192	LABAP LABORATORIO DE ANATOMIA PATOLOGICA LTDA EPP	Anatomia Patologica	Avenida Andrade Neves, 295, Centro, Sl 31,33 E 34 - 13013160 - Campinas / SP	(19) 32337657	Laboratórios	Campinas	Selection IF 200 Standard
Labclinicas Medicina Laboratorial - Hcor	CNPJ: 71748453000149	LABCLINICAS - LABORATORIO DE ANALISES CLINICAS EIRELI	Exame Laboratorio	Avenida Benjamin Constant, 1725, Centro - Campinas / SP	(19) 2514-5500	Laboratórios	Campinas	Selection IF 200 Standard
Labclinicas Medicina Laboratorial - Hosp Irmaos Penteado	CNPJ: 71748453000149	LABCLINICAS - LABORATORIO DE ANALISES CLINICAS EIRELI		R Barreto Leme, 1570, Centro - 13010201 - Campinas / SP	(19) 25145500	Laboratórios	Campinas	Selection IF 200 Standard
Labclinicas Medicina Laboratorial - Unid. Andrade Neves	CNPJ: 71748453000653	LABCLINICAS - LABORATORIO DE ANALISES CLINICAS LTDA	Exame Laboratorio	Andrade Neves, 295, Centro, Loja 1 Mezanino - 13013160 - Campinas / SP	(19) 25174100	Laboratórios	Campinas	Selection IF 200 Standard
Laboratorio De Analises Clinicas Samuel Pessoa Ltda	CNPJ: 50103555000641	LABORATORIO DE ANALISES CLINICAS SAMUEL PESSOA LTDA	Exame Laboratorio	Avenida Barao De Itapura, 917, Vila Itapura - 13020431 - Campinas / SP	(19) 983440108	Laboratórios	Campinas	Selection IF 200 Standard
Laboratorio De Analises Clinicas Samuel Pessoa Ltda	CNPJ: 50103555000137	LABORATORIO DE ANALISES CLINICAS SAMUEL PESSOA LTDA	Exame Laboratorio	Avenida Andrade Neves, 1746, Castelo - Campinas / SP	(19) 3242-7399	Laboratórios	Campinas	Selection IF 200 Standard
Hospital E Maternidade Galileo	CNPJ: 08747682000102	CENTRO HOSPITALAR VALINHOS E VINHEDO SERVICOS MEDICOS S/S LTDA	Anestesiologia;Angiologia e Cirurgia Vascular;Cardiologia;Cirurgia Buco Maxilo Facial;Cirurgia de Cabeça e Pescoço;Cirurgia Geral;Cirurgia Toracica;Clinica Geral;Dermatologia;Hematologia;Hospital Geral;Medico da Dor;Ortopedia e Traumatologia;Otorrinolaringologia;Pronto Socorro Adulto;Urologia	Dr.Alfredo Zacharias, 1816, Santa Escolastica - 13277280 - Valinhos / SP	(19) 2115-2000	Hospitais	Valinhos	Selection IF 200 Standard
Santa Casa De Valinhos	CNPJ: 46056487000125	IRMANDADE DE SANTA CASA DE MISERICORDIA DE VALINHOS	Angiologia e Cirurgia Vascular;Cardiologia;Clinica Geral;Clinica Medica Geral;Obstetricia;Ortopedia e Traumatologia;Pediatria	Av Onze De Agosto, 2745, Vila Embare - 13271210 - Valinhos / SP	(19) 38695111	Hospitais	Valinhos	Selection IF 200 Standard
Ll Diagnosticos Medicos Ltda - Bild Diagnosticos	CNPJ: 22395557000101	LL DIAGNOSTICOS MEDICOS LTDA	Exame Densitometria;Exame Mamografia;Exame Raio X;Exame Tomografia;Exame Ultrassonografia	Rua Jose Camilo De Camargo, 5, Loteamento Remanso Campineiro, Condominio Shopping Hortolandia - 13184494 - Hortolandia / SP	(19) 38094343	Exames	Hortolândia	Selection IF 200 Standard
Ll Diagnosticos Medicos Ltda - Bild Diagnosticos	CNPJ: 22395557000292	LL DIAGNOSTICOS MEDICOS LTDA	Exame Densitometria;Exame Mamografia;Exame Raio X;Exame Tomografia;Exame Ultrassonografia	Rua Osvaldo Da Silva, 10, Jardim Villagio Ghiraldelli - 13186635 - Hortolandia / SP	(19) 38094343	Exames	Hortolândia	Selection IF 200 Standard
Laboratorio De Analises Clinicas Dr Rogerio Burnier Ltda	CNPJ: 45998143000172	DMS BURNIER LABORATORIO DE ANALISES CLINICAS LTDA	Exame Laboratorio	Rua Osvaldo Ribeiro Carrilho , 153, Jardim Mirante, Conj 2 Fundos - Hortolandia / SP	(19) 3829-5383	Laboratórios	Hortolândia	Selection IF 200 Standard
Laboratorio De Analises Clinicas Dr Rogerio Burnier Ltda	CNPJ: 45998143000172	DMS BURNIER LABORATORIO DE ANALISES CLINICAS LTDA	Exame Laboratorio	Avenida Olivio Francisquni, 530, Jardim Santana - Hortolandia / SP	(19) 3829-5383	Laboratórios	Hortolândia	Selection IF 200 Standard
Laboratorio De Analises Clinicas Samuel Pessoa Ltda	CNPJ: 50103555000722	LABORATORIO DE ANALISES CLINICAS SAMUEL PESSOA LTDA	WhatsApp 982352727	Antonio Fernandes Leite, 123, Jardim Santo Antônio - 13185530 - Hortolandia / SP	(19) 38657252	Laboratórios	Hortolândia	Selection IF 200 Standard